203.167.17.48, 9902, [9902]
2a00:a4c0:2:1::132, None, [57734]
192.168.50.158, None, [-435]
162.252.70.136, 11537, [0]
2001:798:13:10aa::2, None, [20965]
2600:3c01::f03c:91ff:fec8:52fe, None, [63949]
2001:254:8001:b::1, None, [24490]
2001:668:0:3::4000:ce2, None, [3257]
2001:418:0:2000::27e, None, [2914]
113.171.31.250, None, [45899]
173.255.239.5, 63949, [63949]
2001:418:0:2000::1d5, None, [2914]
129.250.8.42, 174, [2914]
2001:218:0:2000::c5, None, [2914]
2001:200:0:1c0a:218:8bff:fe43:d1d0, None, [2500]
91.90.105.31, None, [49788]
2400:cb00:22:1024::a29e:753d, None, [13335]
203.178.140.194, None, [2500]
2a01:4b40:4002:1::2, None, [35566]
154.54.6.86, 174, [174]
2001:558:0:f691::2, None, [7922]
2001:5a0:2200:400::47, None, [6453]
2001:470:0:2ea::2, None, [6939]
62.115.169.85, None, [1299]
2001:2f8:ffe0:1080::2, None, [2907]
2001:200:901:6::5, None, [7660]
2001:550:0:1000::9a36:5225, None, [174]
2001:728:0:2000::e, None, [2914]
2001:558:d0:4017::2, None, [7922]
89.190.174.254, None, [20811]
2604:d600:ff0c:dc::10:1, None, [32098]
199.245.16.78, None, [2914]
2804:a8:2:c0::3e, None, [4230]
2001:418:0:2000::1ce, None, [2914]
2001:1900:2::3:12b, None, [3356]
148.243.141.17, None, [6503]
2001:470:0:3c0::2, None, [6939]
62.40.124.44, 21320, [21320]
2001:7f8::23a1:0:1, None, [-207]
2001:470:0:4b8::2, None, [6939]
2604:d600:ff0c:15a::2, None, [32098]
2001:218:0:2000::75, None, [2914]
2402:7800:130:1::a, None, [4826]
213.198.83.222, None, [2914]
2001:470:0:1fe::1, None, [6939]
2001:2000:3080:9f7::2, None, [1299]
2001:500:9f::42, None, [20144]
2001:218:2000:5000::835, None, [2914]
2001:418:0:2000::52, None, [2914]
103.52.117.104, None, [63956]
129.250.3.103, 2914, [2914]
62.115.118.169, 1299, [1299]
2001:728:0:5000::40a, None, [2914]
2a01:a940:445:d::1, None, [15954]
2001:728:0:2000::1f6, None, [2914]
2001:470:0:4b4::1, None, [6939]
203.105.72.86, 17676, [2914]
2a00:11c0:47:3::f, None, [47147]
2001:418:0:5000::66b, None, [2914]
2001:2f8:ffe0:101b::2, None, [2907]
108.59.25.20, 11096, [0]
2a00:1a90:0:17::1, None, [45014]
129.250.3.207, 2914, [2914]
2001:1458:0:2a::1, None, [513]
95.59.172.26, 9198, [9198]
2406:d400:1:133:203:163:222:6, None, [-773]
2001:504:13::210:171, None, [-162]
154.54.45.18, 174, [174]
189.213.2.1, None, [6503]
2001:470:0:432::2, None, [6939]
2001:470:1:8d6::2, None, [6939]
2a02:2000:3:a03a::c1ef:49f3, None, [35297]
2800:300:0:1104::3, None, [27986]
2001:2f8:ffe0:3b4::2, None, [2907]
2408:8000:2:656::, None, [4837]
2607:f4d0::177, None, [17054]
2001:468:fc:63::1, None, [11537]
81.25.202.178, 32934, [2914]
116.0.93.145, None, [6453]
2a0d:6600::2, None, [39650]
2c0f:feb0:7::1:a, None, [37100]
2001:200:133::1dec:0, None, [2500]
2620:a8:c000:992::252, None, [32425]
129.250.2.101, 2914, [2914]
2607:f4d0::183, None, [17054]
2001:cb0:2102:2:f::2, None, [10026]
45.33.72.12, None, [63949]
129.250.2.109, 2914, [2914]
2a01:578:0:900a::9, None, [16509]
2604:e180:de02::5, None, [55002]
2004:8000:5004:1:84::2, None, [0]
2a0d:1640::1, None, [200313]
2001:218:0:2000::12d, None, [2914]
2001:67c:2e8:101::1, None, [3333]
203.178.138.47, 2500, [2500]
2620:107:4000:ff::14, None, [0]
2a06:e881:1600:c20:10:45:45:17, None, [207036]
2001:468:fc:1e::1, None, [11537]
2001:504:b:10::24, None, [0]
2001:48d0:101:501::235, None, [195]
192.228.109.121, 53340, [53340]
58.138.112.22, None, [2497]
2001:468:ff:b02::2, None, [11537]
2001:470:17:95::2, None, [6939]
150.99.198.241, None, [2907]
2001:504:b:10::8, None, [0]
2001:978:2:21::82:2, None, [174]
2001:7f8:26::a500:8674:1, None, [-63]
130.117.3.130, 174, [174]
2001:470:0:268::1, None, [6939]
2600:3c01:3333:2::2, None, [63949]
2405:2000:ffa0:100::1, None, [6453]
200.15.9.254, None, [2914]
2001:ac8:10:10::35c, None, [9009]
2400:fc00:8000::201:2, None, [45773]
213.248.103.170, 1299, [1299]
2a01:a940:fe0::1, None, [15954]
129.250.5.161, 2914, [2914]
129.250.2.218, 2914, [2914]
2401:4900:84:4409::3:1e3, None, [0]
77.67.69.34, None, [3257]
200.160.6.19, None, [22548]
129.250.2.228, 2914, [2914]
216.37.47.154, None, [17054]
152.179.220.38, 7046, [701]
2a00:18d8::222, None, [328126]
2604:d600:ff0c:12a::1, None, [32098]
129.250.6.92, 2914, [2914]
2607:f4d0::182, None, [17054]
fc03::4, None, [0]
2001:380:a060:11::1, None, [4713]
2001:470:0:258::2, None, [6939]
2400:fc00:8000::200:1, None, [45773]
202.249.2.169, 2497, [-574]
213.200.119.214, None, [3257]
4.69.159.94, 3356, [3356]
2001:7f8::6094:0:1, None, [-207]
2001:550:0:1000::9a36:3c6, None, [174]
2001:4248:f:0:154:71:2:243, None, [30999]
2604:5cc0:3:1::1, None, [13351]
2001:7f8:4::afd6:1, None, [-437]
2001:1900:2::3:5e, None, [3356]
188.1.244.198, 34878, [680]
2001:504:40:108::1:115, None, [-743]
2607:f740:1::5, None, [36236]
173.255.239.53, 63949, [63949]
62.40.98.128, 21320, [21320]
2607:f0d0:2:2::2e8, None, [36351]
2001:254:8001:a::2, None, [24490]
202.179.249.77, 24490, [24489]
2001:550:0:1000::9a36:29e6, None, [174]
2001:550:0:1000::9a36:2a62, None, [174]
2408:8000:3::1c, None, [4837]
43.240.106.24, 17709, [17709]
2001:218:0:2000::c1, None, [2914]
2001:2000:3019:bf::1, None, [1299]
129.250.3.85, 2914, [2914]
192.168.50.150, None, [-435]
2a02:4c00:0:4014::2, None, [12676]
2a01:4f8:0:3::ee, None, [24940]
2001:468:fc:74::2, None, [11537]
129.250.6.98, 2914, [2914]
2001:470:0:204::2, None, [6939]
2001:200:0:6002::1, None, [2500]
150.99.91.121, None, [2907]
2001:41a8:4060:2::1, None, [6762]
129.250.2.3, 2914, [2914]
2001:418:0:2000::21, None, [2914]
2800:630:5810:1::1, None, [7049]
2001:2000:3018:98::1, None, [1299]
2001:470:0:440::2, None, [6939]
2001:1270:3000:1::a, None, [22908]
4.68.73.94, 4323, [3356]
2001:418:0:2000::72, None, [2914]
203.131.243.90, 4651, [2914]
2001:240:bb1c:22::ca, None, [2497]
2400:fc00:8000::240:1, None, [45773]
203.178.141.141, 2500, [2500]
2001:418:0:2000::206, None, [2914]
123.255.90.196, None, [-330]
2001:718:0:600:1:122:142:11, None, [2852]
2001:2000:3080:1a71::2, None, [1299]
2a01:4f8:0:3::1b2, None, [24940]
2001:470:0:42a::1, None, [6939]
202.78.70.2, 6648, [6648]
208.73.136.156, None, [32425]
96.34.2.149, 20115, [0]
2001:468:ff:1342::2, None, [11537]
154.54.27.138, 2149, [174]
116.0.67.122, 4755, [6453]
14.142.155.246, 4755, [4755]
61.213.145.26, None, [2914]
154.24.27.74, 174, [174]
2001:19f0:fc00::a4d:4e, None, [0]
154.54.44.138, 174, [174]
2001:470:0:3ad::2, None, [6939]
2408:8001:3011:9::1, None, [17622]
2001:2000:3018:48::1, None, [1299]
2a0b:2f00:0:900::212, None, [48112]
2001:550:3::155, None, [174]
203.181.194.173, 7660, [7660]
2001:418:0:2000::f6, None, [2914]
2001:470:0:395::2, None, [6939]
2001:67c:1220:f639::7101, None, [197451]
fc02::4, None, [0]
2600:3c01:3333:1::2, None, [63949]
2607:f1c0:0:2::85, None, [8560]
62.40.124.218, 680, [21320]
203.181.249.94, None, [7660]
154.54.42.90, 174, [174]
2001:428:2001:210:0:37:0:2, None, [209]
2403:e800:ff00:110::32, None, [4637]
2001:7f8:4::799d:1, None, [-437]
2a03:4680::34, None, [25184]
2001:550:0:1000::9a36:565, None, [174]
2404:a800::154, None, [9498]
2001:470:0:3a5::2, None, [6939]
162.252.70.41, 11537, [0]
203.178.136.78, None, [2500]
121.96.70.194, 24079, [6648]
149.248.18.65, None, [20473]
2a00:11c0:47:1:47::151, None, [47147]
2001:470:0:2b3::1, None, [6939]
2001:ac8:10:10::143, None, [9009]
2001:470:0:197::1, None, [6939]
2a00:11c0::ad, None, [42473]
4.69.218.106, None, [3356]
2001:504:b:80::132, None, [0]
2001:468:fc:4b::1, None, [11537]
154.54.28.69, 174, [174]
203.178.137.193, 2500, [2500]
2001:418:0:5000::1016, None, [2914]
2001:de8:8::1:3335:1, None, [-396]
2a00:1e48:1:1::2:49, None, [20485]
2001:728:0:2000::2a, None, [2914]
2001:2000:3018:a4::1, None, [1299]
66.93.48.1, None, [18566]
154.54.31.90, 174, [174]
2001:550:0:1000::9a36:1995, None, [174]
66.110.57.20, 6453, [6453]
2a01:a940:fe0::5, None, [15954]
180.149.48.14, 55824, [55824]
2001:470:1:5ea::2, None, [6939]
2620:11c:5000:ffff::f2, None, [13331]
2001:798:cc::e, None, [20965]
176.74.23.197, 41000, [41000]
2001:7fa:7:1::4713:2, None, [-390]
129.250.207.46, 53340, [2914]
212.85.148.25, None, [29075]
62.115.123.159, 3301, [1299]
2001:418:0:4000::7e, None, [2914]
2a03:4d41:300:1::2, None, [199610]
95.59.172.10, 9198, [9198]
2400:6500:0:ff::24, None, [38895]
2001:200:0:18::2, None, [2500]
2a06:db80:1::1, None, [24631]
2001:728:0:2000::6a, None, [2914]
213.239.224.6, 24940, [24940]
2001:470:0:146::2, None, [6939]
162.252.70.173, None, [0]
2001:468:fc:36::1, None, [11537]
2001:4248:f:0:102:163:98:10, None, [30999]
2001:200:0:6002::193, None, [2500]
154.54.29.66, 174, [174]
27.85.134.45, 2516, [2516]
107.162.217.5, None, [55002]
2a02:490:f000:4::2, None, [20811]
2402:7800:20:1::82, None, [4826]
2607:fec0:c000:1::2f, None, [0]
103.108.228.29, None, [136557]
162.252.70.163, None, [0]
2001:218:0:2000::51, None, [2914]
2001:2000:3018:91::1, None, [1299]
2001:688:0:2:8::221, None, [5511]
129.250.6.84, 2914, [2914]
2001:5a0:fff0:100::24, None, [6453]
143.90.232.241, None, [4725]
209.198.8.1, None, [6921]
2001:218:0:4000::66, None, [2914]
162.252.70.75, 11164, [0]
27.85.199.194, 2516, [2516]
2001:5a0:2200:400::33, None, [6453]
2001:468:fc:37::2, None, [11537]
79.133.79.150, 48276, [12389]
2a01:4f8:0:3::ae, None, [24940]
129.250.5.58, 2914, [2914]
2a03:3f40:1::45, None, [50673]
129.250.6.119, 2914, [2914]
2001:468:fc:40::2, None, [11537]
2001:218:0:2000::dd, None, [2914]
2001:468:fc:52::2, None, [11537]
2403:4440:ffff:204::1, None, [9367]
2001:218:0:6000::10a, None, [2914]
103.9.104.106, None, [58599]
2001:7fe::53, None, [29216]
212.156.252.68, None, [9121]
80.241.3.66, None, [21282]
2001:12ff:2:1::250, None, [22548]
152.179.21.145, None, [701]
2a03:90c0:c3::231, None, [199524]
2001:5a0:f00::23, None, [6453]
2001:200:0:1c01::1, None, [2500]
2001:de8:8::1:5169:2, None, [-396]
213.198.82.130, 24940, [2914]
2001:418:0:2000::39, None, [2914]
213.239.252.30, None, [24940]
2600:9000:fff:ff00::300, None, [0]
2001:4388::12, None, [8452]
173.230.159.65, None, [63949]
96.34.100.21, 20115, [0]
193.0.9.1, None, [197000]
2a02:4c00:0:1001::2, None, [12676]
2001:468:fc:1::1, None, [11537]
154.54.45.161, 174, [174]
2001:728:0:2000::32, None, [2914]
2001:7f8:1::a502:5152:1, None, [-150]
2001:550:0:1000::9a36:1dae, None, [174]
120.88.53.29, 2914, [2914]
203.76.104.86, 23688, [23688]
2001:200:0:fe00::9c1:0, None, [-574]
2408:8000:2:685::, None, [4837]
200.230.252.202, 4230, [4230]
154.54.42.66, 174, [174]
62.115.123.136, 1299, [1299]
2001:5a0:600:500::24, None, [6453]
2001:798:cc:2b01:2201::1, None, [20965]
2001:410:101:25::2, None, [6509]
2408:8000:2:686::, None, [4837]
189.204.204.141, 18734, [18734]
2a03:2880:f008::1, None, [32934]
129.250.4.117, 2914, [2914]
2a01:578:0:ff::31, None, [16509]
2403:e800:ff00:110::4f, None, [4637]
213.198.83.166, 47147, [2914]
143.90.47.86, 4725, [4725]
152.195.68.35, None, [15133]
203.178.136.90, None, [2500]
162.252.70.23, 11537, [0]
69.174.23.157, 4436, [3257]
2a00:c320:0:3::1, None, [42263]
203.167.17.240, None, [9902]
2001:12ff:1::160, None, [22548]
2001:470:0:490::2, None, [6939]
2620:f5:8000:2000::1, None, [22388]
2606:df00:2::1, None, [20150]
2401:47c0:1200:1::2, None, [41095]
2001:550:0:1000::9a36:33e, None, [174]
2001:2000:3018:8e::1, None, [1299]
140.222.235.125, 701, [0]
2001:468:e00:c48::2, None, [2153]
2001:1900::3:1d3, None, [3356]
2001:470:0:240::1, None, [6939]
200.12.237.1, 27773, [27773]
150.26.248.169, None, [18125]
2001:410:101:4a::1, None, [6509]
154.24.45.142, 174, [174]
66.110.59.1, 6453, [6453]
129.250.4.187, None, [2914]
129.250.2.16, 2914, [2914]
2c0f:feb0:e::1, None, [37100]
2001:468:fc:69::1, None, [11537]
202.249.2.131, 4713, [-574]
2001:1900:2100::1c6a, None, [3356]
154.54.44.170, 174, [174]
2a01:3e0:ff50:200::8e, None, [6453]
2001:470:0:4b6::2, None, [6939]
108.170.242.161, 15169, [15169]
2001:7f8:33::a05:8057:1, None, [-410]
2001:218:4000:5000::faa, None, [2914]
80.91.246.163, 1299, [1299]
2a00:7146::1, None, [0]
2001:550:0:1000::9a36:2c8a, None, [174]
2001:200:0:12::73, None, [2500]
66.42.119.57, None, [20473]
2620:11c:5001:1118::2:1, None, [13331]
2001:418:0:2000::24e, None, [2914]
2a00:b980:1:3::, None, [41000]
2001:2000:3019:b6::1, None, [1299]
180.149.48.22, 55824, [55824]
130.117.51.42, 174, [174]
2402:7800:20:2::7a, None, [4826]
202.84.157.157, None, [4637]
2001:550:2:9e::9:2, None, [174]
129.250.6.81, 2914, [2914]
129.250.2.13, 2914, [2914]
61.213.145.22, None, [2914]
2001:468:7:200::, None, [11537]
2a01:300:1::2, None, [9009]
162.252.70.15, 11537, [0]
2001:418:0:2000::41, None, [2914]
2001:418:0:2000::31, None, [2914]
2001:688:0:2:8::269, None, [5511]
129.250.4.155, 2914, [2914]
2402:4f00:4000:1::e, None, [58453]
2c0f:f0a8::44:1, None, [328145]
66.109.6.148, 7843, [7843]
2001:a60:0:243::2, None, [8767]
2001:648:2ff2:101::1, None, [5408]
2001:200:0:6820::1, None, [2500]
2001:218:2000:5000::22a, None, [2914]
2001:648:1::2, None, [5408]
162.252.70.20, 11537, [0]
2001:798:cc:1::5, None, [20965]
2a01:b740:1:8410::122, None, [714]
2001:468:fc:24::1, None, [11537]
2001:de8:7::9498:1, None, [-234]
129.250.3.193, 2914, [2914]
62.115.12.52, 1299, [1299]
2a02:4c00:100:1000::6, None, [12676]
129.250.4.214, 2914, [2914]
162.252.70.106, 11537, [0]
209.58.86.142, 6453, [6453]
96.34.2.213, 20115, [0]
189.204.240.134, None, [18734]
2001:2000:3019:7b::1, None, [1299]
129.250.6.127, 2914, [2914]
2001:450:2001:1000:0:40:6924:14, None, [3549]
2a01:7640:0:2::2, None, [21282]
2001:504:0:2:0:3:2425:1, None, [-235]
131.113.1.166, 38635, [38635]
2405:2000:400:300::8, None, [6453]
176.74.23.190, 41000, [41000]
2607:f380::108:9a41:9491, None, [2152]
66.230.78.166, None, [17054]
2c0f:feb0:7:7::2, None, [37100]
2a02:490:f000:4::1, None, [20811]
2001:1458:0:13::2, None, [513]
120.88.53.25, 2914, [2914]
2a00:1a90:0:b::2, None, [45014]
212.156.101.171, 9121, [9121]
203.178.141.91, 2500, [2500]
2a07:c700:0:103::a001, None, [50178]
2001:550:0:1000::9a36:2b09, None, [174]
2001:504:16::8dff, None, [-728]
2001:728:0:2000::175, None, [2914]
131.100.0.158, None, [42473]
129.250.3.175, 2914, [2914]
2001:1a68::6, None, [15694]
2001:468:fc:3f::1, None, [11537]
203.76.104.5, 23688, [23688]
131.103.116.178, 6453, [2914]
64.86.123.50, 7843, [6453]
113.197.15.166, 7575, [7575]
2001:550:0:1000::9a36:782, None, [174]
2400:fc00:8000::230:1, None, [45773]
62.115.142.209, 1299, [1299]
2001:470:0:27e::2, None, [6939]
154.54.42.166, 174, [174]
2001:400:0:e9::3, None, [293]
2001:550:0:1000::9a18:17fa, None, [174]
2001:218:2000:5000::53d, None, [2914]
2001:200:901:9821::2, None, [7660]
216.126.230.30, None, [20150]
2a03:4680::4, None, [25184]
2402:7800:20::4, None, [4826]
62.115.114.204, 11172, [1299]
96.34.96.62, 20115, [0]
150.99.91.57, None, [2907]
154.25.2.222, 174, [174]
2001:470:0:404::2, None, [6939]
68.185.32.6, None, [20115]
2a02:f48:5::1, None, [44515]
2001:1900:2::3:120, None, [3356]
2600:3c03::f03c:91ff:fee4:7441, None, [63949]
2a00:5740:0:4::2, None, [56582]
2001:468:fc:5d::1, None, [11537]
2001:dc4::1, None, [23774]
203.76.118.250, None, [23688]
2001:200:0:fe00::5cde:0, None, [-574]
187.174.64.13, 14080, [28513]
154.54.41.146, 174, [174]
2001:218:0:2000::62, None, [2914]
2001:5a0:d00::426e:ad, None, [6453]
154.54.44.142, 174, [174]
2001:218:0:2000::116, None, [2914]
2600:3c03:6666:15::2, None, [63949]
83.97.21.163, None, [9009]
2a03:4680:6::11, None, [25184]
2001:4860:0:1000::1, None, [15169]
2001:558:0:f5b8::1, None, [7922]
66.110.72.5, 6453, [6453]
203.178.137.195, None, [2500]
185.173.16.151, None, [48112]
213.254.218.170, None, [3257]
154.25.4.214, None, [174]
2001:7f8:4::3:188:1, None, [-437]
213.239.229.66, 24940, [24940]
2001:c60:0:2000::2, None, [17828]
202.179.249.126, 45170, [24489]
81.212.210.95, None, [9121]
2a01:68c0:0:6:0:1:0:2, None, [35168]
2602:fdd2:10::90, None, [0]
162.252.70.25, 11537, [0]
2001:728:0:5000::1476, None, [2914]
189.204.203.68, None, [18734]
2001:218:0:2000::8d, None, [2914]
207.231.241.132, 226, [-636]
2001:67c:1220:f750::7109, None, [197451]
67.14.122.141, 209, [0]
2405:9000:10e0:2::3, None, [7474]
2001:468:ff:6c2::2, None, [11537]
192.228.109.129, 53340, [53340]
2001:200:0:1803::1, None, [2500]
2604:d600:fb00:1::2, None, [32098]
120.88.53.17, 2914, [2914]
2001:240:bb01:27::7e, None, [2497]
2001:728:0:2000::1e1, None, [2914]
2001:610:f16:6020::1, None, [1103]
2001:5a0:2300:200::1, None, [6453]
2607:f0d0:2:2::114, None, [36351]
2001:728:0:2000::23a, None, [2914]
2001:418:0:5000::1022, None, [2914]
2001:218:0:2000::102, None, [2914]
2a0e:b100:1:2d0c::45c9, None, [0]
129.250.4.107, 2914, [2914]
162.252.70.128, 11537, [0]
192.33.4.12, None, [2149]
129.250.200.250, 17054, [2914]
2001:470:0:270::1, None, [6939]
2402:800:63ff:12:ffff::2, None, [7552]
2402:4f00:1000:100::616, None, [58453]
131.113.4.182, None, [38635]
192.80.17.118, None, [2914]
2003:0:370c:5::1, None, [3320]
150.99.91.87, None, [2907]
2001:470:0:2ce::1, None, [6939]
2001:418:0:2000::2f2, None, [2914]
2001:418:0:2000::17a, None, [2914]
2001:450:2001:1000:0:40:6924:5225, None, [3549]
2001:418:16::ea, None, [2914]
159.192.14.27, 131090, [131090]
128.241.4.6, 55002, [2914]
2003:3c0:1403:8001::1, None, [3320]
129.250.4.142, 2914, [2914]
2404:a800::150, None, [9498]
2607:f4d0::157, None, [17054]
192.203.115.129, 226, [0]
95.59.172.9, 9198, [9198]
154.54.31.26, 174, [174]
154.54.31.234, 174, [174]
116.0.82.62, 6453, [6453]
2001:504:d::1b, None, [-262]
2001:41a8:5400:2::62, None, [6762]
129.250.5.201, 2914, [2914]
2001:19f0:ac01:17c6:5400:1ff:fec9:b557, None, [20473]
154.54.44.85, 174, [174]
2001:470:0:23d::1, None, [6939]
189.125.253.62, None, [3549]
110.78.188.53, 131090, [131090]
64.86.252.216, 6453, [6453]
2001:1900:5:2:2::3ff6, None, [3356]
2a01:4f8:130:628f::2, None, [24940]
129.250.8.102, 3491, [2914]
2001:7f8:1::a504:1405:1, None, [-150]
2001:2f8:ff00:dc::1, None, [2907]
108.59.31.158, 11096, [11096]
2400:cb00:22:1024::a29e:754b, None, [13335]
2001:218:0:2000::cd, None, [2914]
2400:cb00:22:1024::a29e:758b, None, [13335]
2605:5080:800::6, None, [3367]
185.161.192.39, None, [50178]
123.255.90.225, 9902, [-330]
45.112.247.166, None, [63956]
2405:2000:400:300::1f, None, [6453]
2001:418:0:2000::79, None, [2914]
188.43.34.241, 5563, [20485]
212.156.47.194, 56582, [9121]
110.78.188.50, 131090, [131090]
154.54.82.242, None, [174]
2001:7f8::3:fa4:0:1, None, [-207]
154.54.40.109, 174, [174]
2001:470:0:3c0::1, None, [6939]
96.34.109.138, None, [0]
83.97.21.76, None, [9009]
96.34.109.142, None, [0]
2a03:3f40::10:40, None, [50673]
120.88.53.134, None, [2914]
2001:7fa:0:1::ca28:a19e, None, [-330]
192.168.50.22, None, [-435]
fc00::5:0, None, [0]
120.88.53.21, 2914, [2914]
2001:7f8:a0::3e52:0:1, None, [-188]
2a00:b404::1, None, [205867]
2605:5080:1001::11, None, [3367]
2001:41a8:5400::3, None, [6762]
213.248.91.41, 26613, [1299]
2c0f:f0a8:0:32:8145:30:999:2, None, [328145]
188.130.254.243, None, [48276]
2408:8000:2:50f::1, None, [4837]
2001:7fd::1, None, [25152]
2001:798:19:10aa::2, None, [20965]
62.115.166.226, None, [1299]
205.177.84.34, 41095, [3491]
154.54.58.70, 174, [174]
2a03:d000:27c0::3:7, None, [31133]
2001:470:0:3fc::1, None, [6939]
2001:418:16::101, None, [2914]
203.178.135.129, None, [2500]
154.54.1.193, 174, [174]
2001:550:0:1000::9a36:2a65, None, [174]
2400:8800:1f02:31::1, None, [3491]
fc04::2, None, [0]
62.115.141.105, None, [1299]
111.87.14.170, 6648, [2516]
2a00:b980:1:19::1, None, [41000]
129.250.4.14, 2914, [2914]
129.250.3.51, 2914, [2914]
2a02:2f01:5ff0:5::1, None, [8708]
2001:470:1:565::2, None, [6939]
2a01:9700::123, None, [8376]
185.30.164.66, None, [60503]
2605:d580:1100::1, None, [46690]
88.204.208.2, 21282, [9198]
2001:c10:80:2::64a, None, [7473]
216.126.230.1, None, [20150]
2001:470:0:491::2, None, [6939]
195.16.162.206, None, [3356]
2001:728:0:5000::57a, None, [2914]
200.230.251.129, 4230, [4230]
207.231.241.131, 11537, [-636]
129.250.2.206, 8151, [2914]
2001:428::205:171:3:35, None, [209]
2001:418:0:2000::18a, None, [2914]
176.74.17.75, None, [41000]
195.122.181.146, 43727, [3356]
2001:470:0:2a0::2, None, [6939]
129.250.5.35, 2914, [2914]
143.90.47.33, 4725, [4725]
200.160.0.249, 22548, [22548]
64.57.28.66, 1103, [0]
66.110.72.90, 4230, [6453]
2001:470:0:3b1::2, None, [6939]
162.252.70.139, 11537, [0]
154.54.5.101, 174, [174]
129.250.4.97, 2914, [2914]
2607:f0d0:2:2::22d, None, [36351]
2404:a800:2a00:500::32, None, [9498]
2001:7f8:4::a028:1, None, [-437]
192.80.17.170, None, [2914]
200.230.252.158, 4230, [4230]
173.255.239.17, 63949, [63949]
2607:f740:1:10::1, None, [36236]
154.54.5.90, 174, [174]
2001:200:e000:4005::5edf:1, None, [7660]
129.250.6.129, None, [2914]
2001:200:0:6001:20e:39ff:fef5:c1a, None, [2500]
89.149.133.250, 4436, [3257]
2001:5a0:2000:400::21, None, [6453]
62.115.112.245, None, [1299]
2607:fec0::8ca, None, [0]
2001:550:0:1000::9a36:de, None, [174]
2001:218:0:2000::59, None, [2914]
150.99.91.11, None, [2907]
202.52.1.33, 45170, [45170]
189.202.244.113, 18734, [18734]
180.87.181.73, 6453, [6453]
2001:798:cc:1::4a, None, [20965]
2001:c10:80:1::31a, None, [7473]
2408:8142:6000:101:4::1, None, [0]
4.69.163.74, 3356, [3356]
2001:418:0:2000::1a1, None, [2914]
2001:470:0:2b5::2, None, [6939]
2001:550:0:1000::9a36:5402, None, [174]
2001:470:0:1a2::2, None, [6939]
2403:e800:508:100::12, None, [4637]
2001:798:99:1::b9, None, [20965]
2001:550:0:1000::9a36:2a42, None, [174]
2401:4900:1b39::1, None, [0]
2001:418:0:2000::1bd, None, [2914]
210.57.80.238, None, [4637]
129.250.3.34, 2914, [2914]
2001:688:0:2:8::25f, None, [5511]
2001:2000:3019:b5::1, None, [1299]
129.250.6.163, 2914, [2914]
2001:7fa:0:1::ca28:a1b2, None, [-330]
2001:418:0:4000::9a, None, [2914]
62.115.115.23, 1299, [1299]
2001:19f0:5401:62f:5400:1ff:fef6:91b1, None, [20473]
2600:3c03:6666:14::2, None, [63949]
154.54.31.189, 174, [174]
2a09:bac0:21::1, None, [0]
2001:550:2:9::18c:2, None, [174]
144.208.208.146, 47147, [47147]
2001:470:0:1c2::2, None, [6939]
2402:4f00:1000:100::266, None, [58453]
2001:468:fc:32::2, None, [11537]
213.184.86.101, None, [59795]
200.244.211.204, 4230, [4230]
2607:f0d0:2:2::239, None, [36351]
2001:470:1:821::2, None, [6939]
129.250.4.245, None, [2914]
2001:19f0:6000::a44:101a, None, [20473]
2001:7f8::3184:0:1, None, [-207]
2001:388:cf7f:3::1, None, [7575]
2402:7340:1:c::87ac, None, [136557]
2620:f6::1, None, [26806]
2600:2600::87, None, [33362]
116.0.67.34, 6453, [6453]
80.91.254.90, 1299, [1299]
180.87.163.106, 6453, [6453]
62.115.142.5, 1299, [1299]
2001:7fa:0:1::ca28:a07a, None, [-330]
2001:468:fc:3d::2, None, [11537]
2001:428::205:171:203:233, None, [209]
2001:550:0:1000::9a36:1a2a, None, [174]
2001:1900:2100::4ea2, None, [3356]
2001:500:2::c, None, [2149]
2001:688:0:3:8::121, None, [5511]
2001:668:0:3:ffff:0:c7e5:e759, None, [3257]
129.250.3.182, 9121, [2914]
186.178.17.1, None, [14420]
10.255.1.84, None, [0]
2001:550:0:1000::9a18:15e, None, [174]
2001:200:e000:1372::1600, None, [7660]
62.115.115.24, 1299, [1299]
2001:49d0:2000:3004::1, None, [2495]
63.243.251.1, 6453, [6453]
2408:8000:2:384::1, None, [4837]
2001:218:0:2000::11a, None, [2914]
203.167.17.235, None, [9902]
154.54.9.29, 174, [174]
2001:200:e002:9:203:181:194:179, None, [7660]
81.212.31.123, 9121, [9121]
2001:450:2001:1000:0:670:1708:3090, None, [3549]
2a01:3e0:10:2100::102, None, [6453]
2001:418:16::135, None, [2914]
2a00:1e48:1:1::2:4a, None, [20485]
2001:388:bc:a6::2, None, [7575]
202.249.2.189, 15169, [-574]
2001:504:b:88::129, None, [0]
2001:2000:3018:4c::1, None, [1299]
2001:728:0:5000::f6e, None, [2914]
95.167.95.108, 12389, [12389]
2001:470:0:18e::1, None, [6939]
129.250.3.167, 2914, [2914]
2607:fec0:c000:1::2d, None, [0]
2001:470:0:20a::2, None, [6939]
2001:470:1:142::2, None, [6939]
2001:410:101:56::1, None, [6509]
96.34.108.179, 20115, [0]
2001:418:0:2000::171, None, [2914]
203.178.136.73, 2500, [2500]
2001:500:204:111::2, None, [394353]
2001:218:2000:5000::841, None, [2914]
2400:8800:1f02:31::2, None, [3491]
129.250.2.92, 2914, [2914]
2600:9000:218d::1, None, [16509]
209.198.8.120, None, [6921]
131.112.254.21, None, [9367]
81.228.93.7, 3301, [3301]
2001:200:136:1000::1100, None, [2500]
143.90.46.78, 4725, [4725]
2a01:4f8:0:3::35a, None, [24940]
2001:2f8:ff00:61::1, None, [2907]
154.54.44.165, 174, [174]
2001:468:fc:45::2, None, [11537]
203.105.72.17, None, [2914]
2001:470:0:2cf::1, None, [6939]
2a02:4c00:0:1003::42, None, [12676]
2001:418:0:2000::2, None, [2914]
129.250.2.186, 2914, [2914]
2001:468:fc::1, None, [11537]
178.250.1.19, None, [44788]
2001:728:0:5000::164d, None, [2914]
62.115.122.139, 1299, [1299]
63.223.34.74, 3491, [3491]
2a0d:6600:5::2, None, [39650]
2402:4f00:1000:100::52, None, [58453]
2600:9000:eee::293, None, [0]
2001:798:cc:1::5b, None, [20965]
2001:7f8::799d:0:1, None, [-207]
202.179.249.62, 7575, [24489]
2c0f:fc89:8000:1e::2, None, [36992]
154.54.25.149, 174, [174]
87.251.181.9, 5563, [5563]
87.245.232.210, 9002, [9002]
2001:5a0:2300:300::2, None, [6453]
2001:418:0:2000::289, None, [2914]
2001:470:0:429::2, None, [6939]
62.115.136.46, 1299, [1299]
203.178.133.142, 2500, [2500]
140.222.236.55, 701, [0]
2001:470:0:285::2, None, [6939]
2001:400:0:cf::3, None, [293]
192.203.115.130, 7660, [0]
2a00:11c0::1:0:0:292, None, [42473]
154.54.42.98, 174, [174]
2001:418:0:5000::101a, None, [2914]
2a01:300:1:42::1, None, [9009]
2400:8901::f03c:91ff:fec8:eb0f, None, [63949]
2001:ac8:10:10::159, None, [9009]
2a01:3e0:10:2100::d, None, [6453]
162.252.70.38, 11537, [0]
129.250.3.90, 2914, [2914]
2001:470:0:298::2, None, [6939]
208.73.138.12, None, [32425]
202.249.38.12, 2516, [-549]
2001:218:0:2000::7d, None, [2914]
2800:300:6320::1, None, [27986]
2001:470:0:1f7::1, None, [6939]
192.35.202.242, 63056, [53610]
129.250.2.51, 2914, [2914]
129.250.7.68, 2914, [2914]
185.126.112.18, None, [41018]
2001:400:0:6c::2, None, [293]
4.26.0.102, 34309, [3356]
129.250.3.130, 2914, [2914]
2001:550:0:1000::9a36:2caa, None, [174]
240e::21:61:3403, None, [4134]
128.241.1.14, 15133, [2914]
131.112.254.178, None, [9367]
2001:218:c000:5000::ce, None, [2914]
2001:41a8:400::20, None, [6762]
2800:300:0:1101::2, None, [27986]
2600:9000:fff:ff01:0:50:106:31, None, [0]
2a00:1a90:4003:7::4, None, [45014]
2001:2000:3080:9fe::2, None, [1299]
129.250.207.210, 23352, [2914]
2001:550:0:1000::9a36:2c8e, None, [174]
2001:dcd:30:1::d, None, [38796]
2001:4d50::8000:0:0:4d, None, [34309]
2001:240:bb00:8001::10f, None, [2497]
2408:8000:5004::1053, None, [4837]
2001:200:0:1c05::2, None, [2500]
144.208.208.151, 47147, [47147]
2405:2000:400:300::e, None, [6453]
2001:550:0:1000::9a36:2b0d, None, [174]
2001:550:0:1000::9a36:6de, None, [174]
2a02:2d8::57f5:e0a8, None, [9002]
2a00:11c0:47:1:47::146, None, [47147]
2a00:c320:0:3::2, None, [42263]
2001:418:0:2000::1a9, None, [2914]
89.46.125.28, None, [49697]
2a01:248:0:3::118, None, [28792]
154.24.45.137, 174, [174]
213.133.109.134, None, [24940]
2404:a800:4a00:203::2, None, [9498]
2001:550:0:1000::9a36:2891, None, [174]
2001:504:b:10::13, None, [0]
188.43.34.242, 20485, [20485]
2a00:b980:1:6::1, None, [41000]
188.93.41.18, None, [39180]
2a02:2000:0:81d::5bcc:d799, None, [35297]
122.155.224.190, None, [4651]
2a01:4f8:0:3::35d, None, [24940]
2408:8000:3::20, None, [4837]
199.229.231.89, None, [3257]
2c0f:feb0:1:2::3de, None, [37100]
37.120.131.34, None, [9009]
2001:380:a110:9::1, None, [4713]
2001:470:0:3ac::2, None, [6939]
2001:468:fc:66::2, None, [11537]
2001:418:0:5000::471, None, [2914]
201.125.198.242, 28513, [0]
2001:218:3000:5000::a1, None, [2914]
2001:2f8:ffe0:1101::2, None, [2907]
2001:418:0:2000::ad, None, [2914]
203.181.249.93, None, [7660]
173.255.239.15, 63949, [63949]
129.250.5.78, 2914, [2914]
2a00:1a90:0:d::1, None, [45014]
92.47.151.240, 9198, [9198]
2804:a8::200:246:59:198, None, [4230]
150.99.187.9, None, [2907]
2001:200:0:14::1, None, [2500]
2001:2000:3019:79::1, None, [1299]
80.91.254.36, 1299, [1299]
130.152.184.99, None, [226]
154.54.24.221, 174, [174]
2404:d180:1:6::2, None, [0]
62.115.125.1, 1299, [1299]
207.231.240.23, 668, [226]
2a00:18d8::100, None, [328126]
143.56.224.17, 668, [668]
2001:470:0:2db::2, None, [6939]
58.138.100.5, 2497, [2497]
205.211.228.233, 27773, [27773]
2a02:8400:0:3::116e, None, [15557]
2001:7f8:4::251a:2, None, [-437]
2001:41a8:400:2::7a, None, [6762]
2a01:578:0:12::26, None, [16509]
2a03:4680::5, None, [25184]
154.54.30.161, 174, [174]
2001:67c:2e8:11::c100:133b, None, [3333]
62.115.119.228, 1299, [1299]
123.255.91.86, 17709, [-330]
129.250.3.188, 2914, [2914]
2001:550:0:1000::9a36:1f5a, None, [174]
154.54.40.145, 174, [174]
203.181.194.179, 7660, [7660]
4.69.153.125, 3356, [3356]
2001:948:2:38::1, None, [2603]
2a01:4f8:110:13cd::2, None, [24940]
129.250.3.57, 2914, [2914]
2001:480:e:1a::3, None, [668]
240e:0:a::c9:2350, None, [4134]
62.115.116.41, 1299, [1299]
2001:218:0:4000::e, None, [2914]
203.30.38.73, 55824, [23855]
2a01:248:0:1::122, None, [28792]
2001:218:0:2000::122, None, [2914]
2001:4388:60:10::2, None, [8452]
2001:380:8230:7::1, None, [4713]
2001:468:fc:5c::1, None, [11537]
2001:728:0:5000::ba, None, [2914]
63.217.25.194, None, [3491]
202.33.172.134, None, [4725]
2600:9000:fff:ff01:0:50:114:41, None, [0]
5.158.213.70, 174, [2914]
62.115.136.200, 1299, [1299]
2001:5a0:2300::4, None, [6453]
2001:1900:5:2:2::1a06, None, [3356]
81.228.95.43, 43065, [3301]
2001:c10:80:4::a11, None, [7473]
2001:728:0:2000::3e, None, [2914]
2001:200:e000:36::1600, None, [7660]
129.250.207.198, 20473, [2914]
2001:67c:2e8:11::c100:133c, None, [3333]
2a03:90c0:63:574::2, None, [199524]
2400:8901:1110::2, None, [63949]
204.148.85.90, None, [701]
2001:4860:0:1::11b5, None, [15169]
2001:504:b:10::23, None, [0]
2001:418:0:2000::29d, None, [2914]
2001:2000:3018:c2::1, None, [1299]
2001:2f8:1:ff::a, None, [2907]
129.250.4.89, None, [2914]
149.6.117.50, None, [174]
62.115.117.49, 1299, [1299]
2a03:3f40::2:19, None, [50673]
62.115.121.221, 1299, [1299]
154.54.43.9, 174, [174]
67.14.28.54, 209, [0]
2a03:90c0:a0:1:254::155, None, [199524]
207.231.240.8, 11537, [226]
123.255.90.14, None, [-330]
2600:5000:7800:a::2, None, [7029]
204.246.244.182, 4323, [3549]
2001:558:6010:2::2, None, [7922]
176.74.23.201, 41000, [41000]
2001:470:0:495::2, None, [6939]
2a06:db80:1000::2, None, [24631]
2001:504:b:80::131, None, [0]
103.9.104.98, None, [58599]
154.54.28.129, 174, [174]
2a02:2f01:5ff0:5::2, None, [8708]
129.250.3.238, 2914, [2914]
38.140.18.5, 32425, [174]
62.115.37.193, None, [1299]
2001:468:fc:3e::2, None, [11537]
2001:7f8:54::241, None, [-285]
2001:200:136:1000:0:1:1010:1000, None, [2500]
2620:11c:5001:ffff::a1, None, [13331]
203.178.141.217, None, [2500]
2001:200:133::8e, None, [2500]
2001:500:2d::d, None, [10886]
78.46.48.134, None, [24940]
2001:418:0:2000::146, None, [2914]
2001:4248:0:8::1, None, [30999]
2001:480:e:3031::2, None, [668]
2001:668:0:2:ffff:0:5995:89bd, None, [3257]
2001:470:1:39f::2, None, [6939]
2001:7f8:1::a500:3333:1, None, [-150]
2001:728:0:2000::115, None, [2914]
2001:12f8::220:212, None, [-668]
2001:1960:a::69, None, [5650]
2001:550:0:1000::9a36:39a2, None, [174]
162.252.70.130, 11537, [0]
2001:218:2000:5000::83d, None, [2914]
177.10.164.1, 53238, [53238]
2620:11c:5001:ffff::a8, None, [13331]
2001:200:0:6801::91, None, [2500]
154.54.29.221, 174, [174]
2620:f5:8000:2000::2, None, [22388]
122.1.245.109, 4713, [4713]
2a01:68c0:0:3:1::2, None, [35168]
96.34.173.29, None, [0]
2001:200:e000:36::5, None, [7660]
2001:67c:1220:e000::93e5:f208, None, [197451]
2606:2800:6002:c::a, None, [15133]
2001:470:0:483::1, None, [6939]
2001:2000:3018:2a::1, None, [1299]
203.181.248.249, 2907, [7660]
109.230.214.3, None, [0]
2a00:a4c0:0:1::4, None, [57734]
2804:a8::200:244:27:23, None, [4230]
154.54.7.130, 174, [174]
130.117.3.238, 174, [174]
2001:470:0:3fd::2, None, [6939]
2001:200:0:6006::1, None, [2500]
2607:fec0::8c8, None, [0]
2607:f4d0::126, None, [17054]
2001:550:0:1000::9a36:1ea1, None, [174]
2001:388:bc:d1::1, None, [7575]
96.34.104.20, 20115, [0]
27.85.196.1, 2516, [2516]
190.152.253.154, 26613, [26613]
2001:550:0:1000::9a18:1936, None, [174]
2001:1960:c:d::, None, [5650]
96.34.3.138, 20115, [0]
91.223.159.7, None, [41405]
2001:728:0:2000::5e, None, [2914]
2001:254:8001:14::1, None, [24490]
213.248.72.102, 20115, [1299]
2001:418:0:2000::142, None, [2914]
4.68.75.122, None, [3356]
2001:200:0:6002:203:178:137:195, None, [2500]
129.250.6.49, 2914, [2914]
2001:1900:2100::4112, None, [3356]
2001:410:112:32::1, None, [271]
2001:4858:aaaa:3c:ffff::2, None, [32097]
173.255.239.55, 63949, [63949]
62.115.154.121, 34549, [1299]
2001:400:0:58::3, None, [293]
150.99.198.149, None, [2907]
2001:218:0:2000::199, None, [2914]
2001:550:0:1000::9a36:1d22, None, [174]
2001:19f0:6001:499:5400:1ff:fec7:dafc, None, [20473]
2001:1470:a:60::b, None, [2107]
2604:d600:ff0c:62::10:26, None, [32098]
116.0.93.137, None, [6453]
2001:728:0:2000::22e, None, [2914]
2a01:578:0:9005::d, None, [16509]
64.86.123.94, 6453, [6453]
2001:1900:5:2:2::5be2, None, [3356]
2001:cb0:2102:2:e::2, None, [10026]
2001:1900:4:3::216, None, [3356]
2001:218:0:2000::95, None, [2914]
2001:400:0:14b::2, None, [293]
2a02:8400:0:3::1c2e, None, [15557]
2001:798:cc::1a, None, [20965]
2001:2000:3080:ce5::2, None, [1299]
2a09:3a00:3a00::1338, None, [0]
2400:cb00:22:1024::a29e:758c, None, [13335]
2001:380:a110:6::1, None, [4713]
62.115.114.229, 1299, [1299]
2600:9000:fff:ff00::401, None, [0]
2001:550:0:1000::9a36:2c55, None, [174]
150.99.91.33, None, [2907]
154.54.43.13, 174, [174]
2001:418:0:2000::2c2, None, [2914]
138.186.249.1, 27773, [27773]
2a02:f48::1, None, [44515]
2402:4f00:1000:100::25d, None, [58453]
213.239.224.2, 24940, [24940]
61.19.9.65, None, [4651]
2a03:2880:f008:ffff::f1, None, [32934]
81.212.223.133, 9121, [9121]
203.181.194.178, 7660, [7660]
2607:f0d0:2:2::35c, None, [36351]
103.9.104.202, None, [58599]
2001:200:e000:18::7660:1, None, [7660]
2001:200:0:fe00::3b41:0, None, [-574]
150.99.91.223, None, [2907]
2a07:4342:0:2::224, None, [200612]
123.108.254.135, 9902, [9902]
202.179.249.5, 24490, [24489]
213.198.82.158, 20485, [2914]
2001:470:0:3f5::2, None, [6939]
2001:200:e000:1377::94, None, [7660]
2001:2000:3019:c0::1, None, [1299]
2001:558:0:f533::2, None, [7922]
2408:8000:2:37f::1, None, [4837]
2001:428:a202::6:0:2, None, [209]
95.59.172.18, 9198, [9198]
2001:418:0:2000::ce, None, [2914]
150.99.189.241, None, [2907]
192.168.50.73, None, [-435]
188.1.144.221, 680, [680]
2001:470:0:3c2::2, None, [6939]
123.108.254.19, None, [9902]
2800:630:80:17:2aa2:4bff:fefd:22a3, None, [7049]
202.33.172.129, 4725, [4725]
149.28.210.233, None, [20473]
80.249.208.68, 3333, [-23]
179.51.50.30, 27773, [27773]
2405:9000:28:100::11, None, [7474]
96.34.99.203, 20115, [0]
2a01:4f8:0:3::1b6, None, [24940]
2a03:4680:1::d540:2, None, [25184]
178.210.33.75, None, [43727]
2001:dc2:0:2::1, None, [2515]
31.169.65.90, None, [56582]
2001:468:fc:39::2, None, [11537]
103.242.74.185, None, [41095]
2001:470:1:964::2, None, [6939]
2001:218:0:2000::1ee, None, [2914]
2a01:3e0:ff50:100::11, None, [6453]
154.54.42.101, 174, [174]
2001:200:e000:16::7660:1, None, [7660]
2400:cb00:22:1024::a29e:758e, None, [13335]
129.250.2.242, 2914, [2914]
2001:2f8:ffe0:1102::2, None, [2907]
2400:fc00:4310::1, None, [45773]
39.2.251.242, None, [4725]
2001:d18:ffff:ffff::3:9, None, [9821]
108.59.31.156, 11096, [11096]
240e:0:a::db:3e0c, None, [4134]
10.255.232.217, None, [0]
2001:450:2002:426::2, None, [3549]
81.228.88.84, 3301, [3301]
150.99.186.25, None, [2907]
2001:400:0:ad::2, None, [293]
2a00:11c0::1:0:0:3e, None, [42473]
2001:7f8:87::3, None, [-51]
129.250.4.185, None, [2914]
2001:2000:3080:1245::1, None, [1299]
2a00:1a90:0:12::1, None, [45014]
2a02:8400:0:3::8a4, None, [15557]
2404:a800::136, None, [9498]
2a03:90c0:a5::af, None, [199524]
2001:798:cc:1e01:1901::1, None, [20965]
4.69.163.82, 3356, [3356]
58.138.80.158, None, [2497]
62.40.98.187, None, [21320]
2001:218:2000:5000::839, None, [2914]
2001:dc3::35, None, [7500]
120.88.53.138, None, [2914]
150.99.91.143, None, [2907]
2001:798:10:10aa::6, None, [20965]
2001:504:b:80::24, None, [0]
2001:de8:8::6939:1, None, [-396]
180.87.181.75, 6453, [6453]
129.250.5.16, 2914, [2914]
2001:200:0:fe00::1d4c:0, None, [-574]
2001:5a0:2000:400::4a, None, [6453]
2001:550:0:1000::8275:3219, None, [174]
185.122.39.57, None, [202365]
203.181.248.137, 23855, [7660]
2001:218:0:2000::2d3, None, [2914]
2800:630:5810:1::2, None, [7049]
129.250.207.194, 20473, [2914]
185.173.16.212, None, [48112]
129.250.8.202, 3356, [2914]
2001:470:0:4ac::1, None, [6939]
213.239.252.34, None, [24940]
122.28.104.173, 4713, [4713]
2001:218:0:2000::176, None, [2914]
129.250.3.29, 2914, [2914]
10.20.247.114, None, [0]
2001:4d50:f800::2, None, [34309]
2001:19f0:5c01:12c0:5400:1ff:fec9:b553, None, [20473]
129.13.73.49, None, [34878]
2001:550:2:65::1:2, None, [174]
2a02:2f0f:163::12, None, [8708]
2001:688:0:2:8000::66, None, [5511]
2001:de8:8::42:1, None, [-396]
2001:470:1:252::2, None, [6939]
2001:468:fc:3c::1, None, [11537]
213.239.229.70, 24940, [24940]
2001:2f8:ffe0:e::2, None, [2907]
129.250.3.23, 2914, [2914]
154.24.4.218, 174, [174]
2001:638:c:c015::1, None, [680]
62.67.36.230, 12389, [3356]
2402:7800:0:1::ae, None, [4826]
81.20.72.98, 43350, [2914]
150.99.91.197, None, [2907]
2001:480:e:3004::1, None, [668]
2620:0:1cff:dead:bef0::139, None, [32934]
2001:470:0:3bf::1, None, [6939]
89.190.174.253, 20811, [20811]
2001:468:12::1, None, [11537]
2408:8000:2:626::1, None, [4837]
2001:550:0:1000::9a36:1c8e, None, [174]
104.237.152.132, None, [63949]
108.59.25.77, 11096, [0]
2001:de8:4::19:9524:1, None, [-254]
2001:418:0:2000::a5, None, [2914]
2a0b:2f00:0:234::151, None, [48112]
2001:470:0:244::1, None, [6939]
154.54.38.210, 174, [174]
2001:a60::89:202, None, [8767]
2001:1900:2::3:11b, None, [3356]
2001:218:0:2000::16e, None, [2914]
66.230.78.198, None, [17054]
2001:400:0:6d::3, None, [293]
2001:67c:e0::1, None, [197000]
213.198.77.198, 8708, [2914]
202.84.156.142, 10026, [4637]
129.250.2.182, 2914, [2914]
2a01:3e0:ff50:100::2, None, [6453]
2607:f0d0:2:2::13b, None, [36351]
96.34.0.75, 20115, [0]
129.250.4.237, 2914, [2914]
2001:218:0:4000::32, None, [2914]
2404:6800:4004:80b::2004, None, [15169]
154.54.42.78, 174, [174]
2001:c60:0:2000::1, None, [17828]
2001:7f8:33::a103:4549:1, None, [-410]
83.243.44.55, None, [34549]
2001:550:2:9::4:2, None, [174]
2001:798:99:1::25, None, [20965]
129.250.2.8, 2914, [2914]
2001:1900:5:2:2::580d, None, [3356]
2001:948:1:14::3, None, [2603]
2a03:d000:27c0::3:18, None, [31133]
2a01:68c0:0:3:1::1, None, [35168]
2001:418:0:5000::8c3, None, [2914]
2001:2f8:ffe0:d0e::2, None, [2907]
2001:1900::3:130, None, [3356]
2001:200:0:14::2, None, [2500]
2604:d600:ff0c:8c::2, None, [32098]
2001:798:14:10aa::a, None, [20965]
150.99.91.167, None, [2907]
2001:470:0:3f0::1, None, [6939]
2001:418:0:2000::1da, None, [2914]
2001:de8:8::5:8453:1, None, [-396]
61.19.7.6, 4651, [4651]
2001:218:0:2000::2d7, None, [2914]
2c0f:feb0:1:2::482, None, [37100]
2001:468:fc:4a::2, None, [11537]
129.250.3.145, 2914, [2914]
149.6.137.42, 9009, [174]
2a01:358:2000:1b::2, None, [9121]
173.230.159.67, None, [63949]
2001:504:1a::35:46, None, [-794]
2004:8000:5004:1:84::1, None, [0]
2001:218:0:2000::18a, None, [2914]
2001:2f8:ffe0:105b::2, None, [2907]
80.95.144.121, 34309, [34309]
2001:468:fc:6f::2, None, [11537]
2001:dcd:30:1::1, None, [38796]
2001:4d0:301:2::2, None, [297]
154.54.3.62, 2149, [174]
116.0.93.210, 58447, [6453]
190.157.11.134, 6453, [10620]
2001:200:0:fe00::1269:0, None, [-574]
213.242.111.166, 39180, [3356]
2001:418:0:2000::66, None, [2914]
213.248.70.12, None, [1299]
2403::236, None, [4755]
2a03:4d41:510:1::2, None, [199610]
129.250.5.83, 9121, [2914]
154.54.42.86, 174, [174]
2607:f0d0:2:2::587, None, [36351]
2001:798:cc:2d01:1b01::a, None, [20965]
2001:798:22:10aa::6, None, [20965]
2001:218:2000:5000::81, None, [2914]
2001:470:0:5f::2, None, [6939]
2001:ac8:37:18::beef, None, [9009]
95.59.172.27, 9198, [9198]
192.5.203.212, None, [63056]
2408:8000:2:7a4::1, None, [4837]
2001:dc2::1, None, [2515]
2001:504:16::3413, None, [-728]
2a01:248:c:a016::2, None, [28792]
2001:468:fc:44::1, None, [11537]
2001:1878:0:2::3, None, [226]
2001:4248:0:12::2, None, [30999]
2001:468:fc:4e::1, None, [11537]
200.160.0.162, None, [22548]
38.104.103.242, 53610, [174]
2001:4860:0:1002::1, None, [15169]
2001:798:cc:1::4e, None, [20965]
2001:470:0:282::1, None, [6939]
2001:2000:3080:1a6::1, None, [1299]
2606:2800:4262:c::a, None, [15133]
2001:948:2:2::2, None, [2603]
2400:8901:1011::2, None, [63949]
2001:218:0:2000::21d, None, [2914]
4.69.210.66, 3356, [3356]
150.99.198.193, None, [2907]
129.250.2.19, 2914, [2914]
129.250.6.82, 2914, [2914]
2001:c60:0:2010::4, None, [17828]
