210.176.38.50, 18200, [4637]
129.250.3.167, 2914, [2914]
87.245.246.101, 24971, [9002]
212.187.138.206, 59605, [3356]
2001:550:0:1000::9a36:2b0d, None, [174]
193.95.129.122, 2110, [2110]
2001:888:2000:83::2, None, [3265]
2a00:1ca0:0:19::2, None, [21413]
62.115.166.226, None, None
2606:2800:4204:f::a, None, None
74.82.51.50, 7642, None
210.173.178.21, None, None
66.171.160.65, 11478, [11478]
130.59.38.178, None, None
2001:418:0:2000::1ae, None, [2914]
69.167.128.61, 32244, None
129.250.3.18, 2914, [2914]
129.250.6.100, 2914, [2914]
2001:470:0:270::1, None, [6939]
2001:418:8400:5000::1e, None, [2914]
80.231.139.2, 6453, [6453]
80.67.4.194, 42708, [42708]
213.144.176.131, None, [6762]
2001:728:0:2000::46, None, [2914]
4.35.80.194, 201011, [3356]
129.250.4.241, 2914, [2914]
129.250.2.176, 2914, [2914]
129.143.60.125, None, None
2001:418:16::101, None, [2914]
2a06:ac00:4100:107::1, None, [41405]
63.218.148.254, None, [3491]
202.249.2.20, 4777, [-574]
2001:19f0:fc00::a49:6, None, [0]
184.105.223.162, 6939, [6939]
63.217.112.122, None, [3491]
185.48.81.79, None, [62094]
195.3.102.54, 21283, [8447]
203.50.11.110, 1221, [1221]
87.245.238.27, None, [9002]
129.143.59.34, 553, [553]
2001:418:0:2000::17a, None, [2914]
96.1.214.149, 852, None
173.252.65.36, 32934, [32934]
77.220.248.75, 62310, None
193.251.128.184, 5511, [5511]
2001:7fa:7:2::4713:1, None, [-389]
2001:558:6000:4::2, None, [7922]
52.93.128.220, None, [0]
187.44.112.81, 28303, None
152.195.112.49, None, None
89.149.137.177, 4436, [3257]
184.105.64.253, 6939, [6939]
129.250.4.118, 2914, [2914]
176.52.254.254, 12956, [12956]
202.90.158.105, None, [9821]
154.54.84.30, 174, [174]
2606:700:1f:212::c7a8:58e5, None, [54054]
130.117.48.138, None, [174]
210.173.176.96, None, [-390]
109.233.180.118, 34288, [34288]
2001:2f8:ffe0:734::2, None, [2907]
10.52.52.166, None, [0]
185.54.120.66, 5539, None
4.69.148.138, None, [3356]
210.171.224.64, 714, None
193.180.242.94, 199150, None
129.250.3.103, 2914, [2914]
2001:418:0:2000::1c1, None, [2914]
129.250.2.66, None, [2914]
2a02:f28::2:34:2, None, [20647]
203.178.141.141, 2500, [2500]
154.54.0.222, 174, [174]
83.231.187.162, 42708, [2914]
2001:470:0:276::2, None, [6939]
185.29.103.139, None, [51859]
64.71.134.142, 29802, None
204.1.253.118, 8151, [2914]
2001:470:0:3f0::1, None, [6939]
192.240.191.167, None, [36444]
134.159.188.102, 24245, None
54.239.46.104, 16509, [0]
63.223.43.2, 3491, [3491]
2a00:c560:c0c0:1a1a::249, None, [62416]
155.12.0.197, 37084, [37084]
62.149.185.27, 31034, None
213.242.112.126, None, [3356]
149.6.177.110, 6730, [174]
193.251.150.199, None, None
2403:bd80:bb00:2003::2, None, [59105]
10.10.0.34, None, [0]
2001:418:0:2000::3b1, None, [2914]
195.187.255.191, 8308, None
202.84.140.226, None, [4637]
2001:470:0:414::1, None, [6939]
207.88.12.197, 2828, [2828]
81.20.68.146, 56630, [2914]
52.95.1.107, 16509, [16509]
216.126.230.1, None, None
2001:1998:0:4::177, None, None
118.143.238.20, 9304, [9304]
2a01:100:1027:68::2, None, [39912]
2620:a8:c000:19::12, None, [32425]
193.51.177.32, 2200, [2200]
2001:608:0:e02::113, None, [5539]
80.231.130.47, None, [6453]
68.86.84.193, 7922, [7922]
129.250.5.188, 2914, [2914]
129.250.9.146, 5511, [2914]
108.59.15.139, 30633, None
72.14.237.127, 15169, None
150.26.248.169, None, [18125]
12.122.28.198, 7018, [7018]
149.12.208.2, 8839, None
2001:2f8:ffe0:3b4::2, None, [2907]
2001:7f8::50a7:0:1, None, [-207]
203.98.42.17, 4768, [9901]
62.115.125.0, 1299, [1299]
213.254.214.14, 4436, [3257]
2001:218:0:2000::175, None, None
157.240.40.154, 32934, [32934]
2001:2000:3018:91::1, None, [1299]
78.152.37.243, 34549, None
130.117.0.134, 174, [174]
2a00:b980:1:19::1, None, [41000]
213.254.215.129, 4436, [3257]
89.149.184.21, 4436, [3257]
10.22.52.6, None, [0]
2001:218:0:4000::3e, None, [2914]
41.75.91.9, 37282, [37282]
212.143.12.32, 1680, [1680]
62.115.112.245, None, [1299]
96.44.180.94, 8100, None
63.218.223.54, None, [3491]
129.250.2.36, 2914, [2914]
2001:504:16::c3a, None, [-728]
2001:470:0:371::2, None, [6939]
2a0d:f400::100, None, None
66.198.154.218, 30633, [6453]
2407:8800:bf00:4:720f:6aff:fe12:6a49, None, [7545]
2001:504:0:4:0:3:2244:1, None, [-230]
54.239.46.0, 16509, [0]
2001:470:0:2dd::1, None, [6939]
85.214.0.37, 6724, None
188.39.127.155, 8468, [8468]
4.69.153.245, 3356, [3356]
108.170.243.129, 15169, None
213.133.203.34, 25040, [13208]
80.91.251.101, 1299, [1299]
2001:388:1:63::1, None, None
2001:4f8:0:2::13, None, [1280]
2001:19f0:fc00::6c3d:259, None, [0]
197.80.4.8, 10474, [10474]
78.25.80.190, 9198, [31133]
185.19.97.30, 20771, [20771]
80.243.57.134, 35065, [21413]
62.115.119.228, 1299, [1299]
12.122.5.198, 7018, [7018]
10.21.21.161, None, [0]
45.222.192.106, None, [37282]
52.95.1.189, 16509, [16509]
217.9.108.198, None, None
62.149.50.137, 6908, [6908]
2001:7f8:39:1:0:c895:0:61, None, [-779]
193.201.42.228, 25040, None
203.190.250.174, 38040, [38040]
12.122.2.50, 7018, [7018]
200.40.98.28, 6057, [6057]
192.240.191.189, None, None
52.94.33.4, 16509, [16509]
150.99.89.185, None, [2907]
62.140.29.66, 8893, [3356]
64.125.28.102, 6461, [6461]
52.94.35.41, 16509, [16509]
91.135.160.113, 39878, [39878]
185.84.18.82, 30844, [2914]
212.227.120.106, 8560, [8560]
2001:1420:d::2, None, [8676]
212.119.27.138, 32787, [2914]
2607:fad0:31:1000::c, None, [32244]
185.43.204.64, 62214, [62214]
129.250.3.123, 2914, [2914]
2a01:390:c:2017::17, None, [29405]
129.250.7.78, 2914, [2914]
2a00:1f78:af:c::2, None, [8893]
2001:7fa:7:2::6939:1, None, [-389]
146.97.33.2, 786, [786]
2620:0:2830:203::157, None, [16876]
103.41.61.37, None, None
2001:dcd:3::6, None, [134396]
100.99.0.0, None, [0]
87.245.249.251, 34288, [9002]
94.125.133.237, 48961, [48961]
197.243.126.182, 37228, [327899]
2001:67c:10:1101::3, None, [60149]
2607:f740:15:4::2, None, [36236]
193.34.104.100, 15389, None
2a01:5a8::1:0, None, [8866]
77.234.49.181, None, None
199.109.11.33, 3754, None
2a00:e400:2:1000::2, None, [35258]
96.110.32.10, None, [7922]
2001:728:0:5000::1b6, None, [2914]
2001:d18:0:6::1, None, None
185.100.209.10, 200612, [200612]
129.250.2.190, 2914, [2914]
150.99.91.167, None, [2907]
213.248.89.119, 9009, [1299]
62.115.123.12, 1299, [1299]
2a01:5a8::1:2, None, [8866]
185.5.172.105, None, [3223]
216.239.191.166, 23314, None
184.105.64.178, 6939, [6939]
203.131.241.58, None, [2914]
89.149.139.222, 4436, [3257]
81.26.160.50, 12843, [12843]
157.240.34.2, 32934, [32934]
129.250.195.2, 12008, None
2a01:618:400::1, None, [43519]
2a02:2178:0:a4::1, None, [29075]
154.54.43.69, 174, [174]
2001:4b98:af::c1d1:162, None, None
216.221.157.89, None, [3257]
2606:d680:4508:4::2, None, [4508]
61.211.190.130, 10010, None
154.54.86.94, None, [174]
2600:0:3:1239:144:232:25:96, None, [1239]
2001:8d8:0:2::d1, None, [8560]
2405:2000:ff10:100::6, None, [6453]
213.140.52.69, 12956, [12956]
150.99.68.231, 2907, [2907]
2001:728:0:2000::1f2, None, [2914]
62.78.107.17, 16086, [16086]
129.250.203.218, 3223, [2914]
201.125.36.125, 8151, [0]
210.4.208.100, 9733, None
2a01:7c8:f:43::2, None, [20857]
195.175.172.84, 9121, [9121]
82.195.67.222, None, None
4.69.159.42, None, [3356]
213.157.192.10, 16010, None
2001:728:0:5000::906, None, [2914]
173.255.239.5, 63949, None
64.69.96.228, 6983, [7029]
2001:7f8:4::3fdb:1, None, [-437]
207.88.12.190, 12083, [2828]
2001:470:0:18e::1, None, [6939]
179.31.62.3, None, [6057]
188.126.78.89, 39351, [42708]
63.218.212.170, 8100, [3491]
89.238.218.246, 60149, None
94.186.200.232, None, [48918]
202.90.129.113, 9821, [9821]
138.187.162.73, None, None
179.31.62.33, None, [6057]
212.200.191.250, 8400, None
62.115.167.37, None, [1299]
2001:470:0:2cf::1, None, [6939]
2001:668:0:2:ffff:0:5995:8bb2, None, [3257]
195.50.117.30, None, [3356]
2001:418:0:2000::2d1, None, [2914]
2a00:4120:8000:2::186, None, [20804]
212.156.102.151, 9121, [9121]
77.66.72.82, 62113, [16245]
184.105.65.57, 6939, [6939]
2a01:7c8:f:c02::2, None, [20857]
52.95.62.113, 16509, [0]
185.65.135.34, None, [39351]
81.19.110.54, 197595, [2914]
128.241.219.18, 16509, [2914]
2001:7f8:17::21e4:1, None, [-438]
129.250.6.238, 2914, [2914]
12.122.2.113, 7018, [7018]
146.172.105.61, 2119, [2119]
62.115.50.222, 1299, [1299]
130.59.37.154, None, [559]
80.231.217.88, None, [6453]
78.153.193.33, 39122, [39122]
62.140.27.82, None, [3356]
2001:7b8:3:25:87:251:32:22, None, [12859]
63.218.148.250, None, None
154.54.59.62, 174, [174]
129.250.2.51, 2914, [2914]
62.115.112.243, None, [1299]
129.250.3.121, 2914, [2914]
2001:2f8:ffe0:1102::2, None, [2907]
94.142.121.20, 12956, [12956]
2001:500:f::1, None, [12041]
2406:f400:200:42::2, None, [38001]
216.153.237.5, None, [7029]
184.105.223.194, 6939, [6939]
209.166.144.13, 17054, None
2001:418:0:2000::5, None, [2914]
52.95.30.66, 38895, [16509]
2001:218:0:2000::141, None, [2914]
2001:470:0:54::1, None, [6939]
129.250.4.245, None, [2914]
112.174.84.161, 4766, [4766]
213.248.88.90, 6724, [1299]
2001:418:1400:5000::7a, None, [2914]
150.99.184.185, None, [2907]
192.205.34.117, 7018, [7018]
129.250.206.150, 8560, [2914]
64.125.28.230, 3356, [6461]
129.250.5.82, 9121, [2914]
52.95.2.20, 16509, [16509]
129.250.6.163, 2914, [2914]
2001:470:0:23d::1, None, [6939]
62.115.113.238, None, [1299]
154.54.3.62, 2149, None
2001:2000:3018:98::1, None, [1299]
129.250.2.252, 2914, [2914]
65.123.13.174, 10026, [209]
2001:67c:158c:208::2, None, [5539]
68.86.91.26, 7922, [7922]
2001:2f8:ffe0:733::2, None, [2907]
212.156.132.134, 9121, [9121]
2001:2f8:ffe0:1081::1, None, [2907]
77.67.82.154, None, [3257]
52.95.30.46, 38895, [16509]
2001:500:13::c7d4:35, None, [393225]
2001:470:0:20a::2, None, [6939]
128.242.179.182, 14907, [2914]
154.54.7.157, 174, [174]
80.242.192.10, 61174, [61174]
212.143.7.242, None, None
2400:8800:1f0f:6::2, None, None
2001:1ab8:8486::10, None, [-58]
91.135.160.69, 39878, None
195.80.96.9, 8240, [8240]
168.209.1.188, 3741, [3741]
4.69.159.94, 3356, [3356]
2a01:6600:10:28::1, None, [39405]
2001:470:0:2db::2, None, [6939]
192.65.184.74, 513, [513]
62.78.107.199, None, [16086]
216.156.16.194, 2828, [2828]
129.250.4.68, 9121, [2914]
178.21.17.18, 50673, [50673]
195.0.240.150, None, [2116]
2a02:f28:1:7::2, None, [20647]
81.25.202.226, None, [2914]
188.93.44.40, None, [39180]
212.73.242.214, 5377, None
4.68.70.249, None, [3356]
137.164.25.90, None, None
103.41.60.165, None, [10010]
128.241.4.2, 13331, None
2001:7f8:1::a501:2859:2, None, [-150]
129.250.4.155, 2914, [2914]
85.95.26.117, 15412, [15412]
4.15.84.142, 32244, [3356]
69.174.23.157, 4436, [3257]
180.87.39.21, 6453, [6453]
4.69.211.17, 3356, [3356]
129.250.2.74, 2914, None
109.105.97.131, 2603, [2603]
52.95.31.17, 38895, [16509]
143.56.241.2, 768, None
2001:668:0:3::8000:2f52, None, None
2a04:40:0:1::8, None, [39878]
2001:470:12:81::2, None, None
41.78.188.42, 37271, [37271]
2001:4c10:0:4002::1, None, [24586]
185.140.49.35, 26167, None
83.231.187.58, 8447, [2914]
62.40.125.182, None, [21320]
213.140.52.38, 12956, [12956]
162.252.70.163, None, [0]
89.239.6.37, 60218, None
81.25.207.182, None, [2914]
92.60.0.149, None, [0]
2001:550:0:1000::9a36:2a42, None, [174]
149.6.137.130, None, [174]
67.16.164.165, 4323, None
2a01:7640:0:2::2, None, [21282]
66.198.154.234, 30633, [6453]
129.250.4.134, 2914, [2914]
31.13.27.186, 32934, [32934]
95.59.172.18, 9198, [9198]
62.115.121.5, 1299, [1299]
154.54.43.13, 174, [174]
2001:728:0:5000::916, None, [2914]
37.110.198.185, 34019, [30781]
2001:418:0:2000::102, None, [2914]
2001:19f0:8001:946:5400:1ff:fec7:2166, None, [20473]
188.39.11.66, 5459, [8468]
131.113.255.17, None, [38635]
129.250.6.47, 2914, [2914]
2001:dcd:2::6, None, [134396]
2001:1af8:4100:1:3::300, None, [60781]
2001:506:100:5a::2, None, [0]
212.133.7.158, None, [3356]
2001:470:1:4c5::2, None, [6939]
188.95.32.118, 49515, None
46.227.64.237, 197595, [197595]
213.239.252.22, None, [24940]
2001:7f8:64:225:0:4:3289:1, None, [-377]
4.69.143.234, 3356, [3356]
174.127.141.11, 11404, [11404]
103.113.56.20, None, None
77.92.111.190, 25145, [25145]
150.99.197.61, None, [2907]
157.240.47.242, 32934, [32934]
46.97.19.169, 12302, [12302]
198.172.90.234, 15133, None
66.230.78.190, None, [17054]
157.157.20.10, 1850, None
89.149.137.213, 4436, [3257]
2001:500:a7::2, None, [55195]
4.69.137.53, 3356, [3356]
94.142.123.237, 12956, [12956]
150.99.89.215, None, [2907]
89.149.185.121, 5580, [3257]
129.250.5.161, 2914, [2914]
185.138.53.0, None, [48821]
54.239.42.233, 16509, [0]
180.149.48.1, 55824, [55824]
2403:7800:1000:131:612:1100:19:243, None, [10010]
213.239.224.2, 24940, None
146.172.14.185, 2119, [2119]
212.191.240.117, None, None
46.20.246.160, None, None
2001:67c:3c0:13::188, None, [197495]
149.14.208.186, 12843, [174]
12.122.111.110, None, [7018]
168.209.93.249, 3741, [3741]
62.115.143.163, 1299, [1299]
129.250.6.127, 2914, [2914]
62.40.124.70, 2200, [21320]
133.208.191.144, 2518, None
129.250.2.186, 2914, [2914]
213.198.82.130, 24940, [2914]
194.225.151.2, 6736, [6736]
2607:f1c0:0:2::6a, None, [8560]
210.173.176.120, None, None
62.73.179.166, 5607, [2914]
193.51.180.45, 2200, None
52.93.128.184, None, [0]
87.245.234.48, 9002, [9002]
89.149.139.38, 4436, [3257]
129.250.3.84, 2914, [2914]
2a01:7c8:f:42::2, None, [20857]
202.97.94.101, 4134, [4134]
83.231.213.10, 8455, [2914]
83.167.254.157, 24971, [24971]
193.251.243.252, 5511, [0]
62.40.98.102, 21320, [21320]
2604:a880:ffff:6:1::9a, None, [0]
149.62.152.227, 57119, [57119]
78.153.192.47, 39122, [39122]
2001:ac8:10:10::143, None, None
2001:4478:1:1::50, None, [4802]
74.119.79.86, 32934, [32934]
185.2.64.19, None, None
2403:bd80:bbc0:5306::2, None, None
149.14.156.74, 39878, [174]
217.5.104.206, 3320, [3320]
83.169.204.143, None, [0]
185.76.190.254, 50629, [50629]
2401:af80:8fff:3062::6, None, [59103]
178.237.173.195, 34587, None
2001:2f8:ffe0:d0e::2, None, [2907]
2001:7f8:1::a502:4586:1, None, [-150]
62.115.122.139, 1299, [1299]
2001:668:0:2:ffff:0:5995:8bbe, None, [3257]
192.80.17.170, None, [2914]
94.31.7.61, 201126, [6461]
2600:5:2000:5::13, None, [1239]
202.72.204.22, 58552, [58552]
208.88.224.93, 7366, None
154.54.56.94, 174, [174]
31.210.10.53, 6663, [6663]
216.130.12.194, 17054, [17054]
54.239.52.81, 38895, [16509]
2001:470:0:14a::1, None, [6939]
92.60.0.155, None, [0]
2001:728:0:2000::131, None, [2914]
185.96.186.7, 50618, [0]
2001:470:0:3da::2, None, None
154.54.61.6, None, [174]
129.250.6.88, 2914, [2914]
129.250.4.91, 2914, [2914]
2001:5a0:4e00::2, None, [6453]
193.164.153.242, 34019, [34019]
2001:680:0:8021:0:face:2:face, None, [286]
52.95.31.216, None, [16509]
195.219.100.18, 1299, [6453]
216.66.87.42, 35297, [6939]
2001:470:0:13e::1, None, None
2001:470:0:327::1, None, [6939]
94.142.97.160, 12956, [12956]
2001:19f0:9002:1184:5400:1ff:fecb:ec65, None, [20473]
203.192.149.190, 13901, None
213.172.188.21, 20804, None
216.66.87.94, None, [6939]
129.250.2.203, 2914, [2914]
2606:2800:4210:c::a, None, [15133]
150.54.70.254, None, None
2001:2000:3080:ac7::2, None, [1299]
77.92.111.186, 48292, None
84.116.131.154, 6830, [6830]
96.44.180.91, None, None
4.69.204.205, 3356, [3356]
129.250.8.74, 6762, [2914]
91.206.9.146, None, [51184]
176.74.23.197, 41000, [41000]
197.96.177.164, 37105, None
210.171.224.14, None, None
4.69.161.126, 3356, [3356]
129.250.3.223, None, [2914]
212.10.45.232, 197288, [197288]
195.2.25.1, 1273, [1273]
2001:2000:3019:b6::1, None, [1299]
202.179.249.126, 45170, None
82.119.246.101, None, [29208]
91.204.215.153, 35297, [35297]
62.115.142.211, 1299, [1299]
77.66.72.81, 62113, None
213.200.115.165, None, [3257]
193.164.153.255, 34019, [34019]
2406:e400:1:9::4, None, [7642]
154.54.60.126, None, [174]
61.195.56.129, 17685, [17685]
2001:218:0:2000::cd, None, [2914]
2001:470:0:32e::1, None, [6939]
80.81.195.241, None, [-207]
200.160.0.249, 22548, [22548]
2001:418:0:2000::1aa, None, [2914]
83.231.233.142, 10474, [2914]
80.231.79.70, 20766, None
62.179.116.58, 50170, [6830]
62.149.191.52, 31034, [31034]
185.28.156.2, 60574, None
2001:470:0:362::2, None, [6939]
154.54.58.186, 174, [174]
2001:2f8:ffe0:1101::1, None, None
52.93.111.158, None, None
190.208.9.81, 6429, [6429]
92.60.0.85, 1764, [0]
2001:470:0:145::2, None, [6939]
212.133.7.46, 39120, [3356]
103.48.31.121, 59105, [59105]
198.71.45.136, None, None
217.71.97.94, 42699, None
154.54.1.118, 174, [174]
80.172.218.18, 62416, None
217.71.101.186, 33808, None
213.239.252.30, None, [24940]
2a01:73e0:0:fa::a, None, [47872]
129.250.8.42, 174, [2914]
61.200.80.77, None, [2914]
162.252.70.130, 11537, [0]
2001:550:0:1000::9a36:33e, None, None
69.79.100.41, None, [23520]
2607:f740:100:21::3, None, [36236]
93.176.81.82, 39839, None
89.221.34.113, 3216, [6762]
200.0.204.29, 27750, None
212.143.12.3, 1680, [1680]
152.179.21.145, None, [701]
129.250.3.29, 2914, [2914]
178.237.160.143, None, [34587]
87.245.233.7, None, [9002]
2a03:300:981::2, None, [39642]
145.145.166.41, None, [1103]
41.202.226.33, 36991, [36991]
2001:418:0:5000::66b, None, [2914]
150.99.91.103, None, [2907]
111.87.3.118, None, [2516]
195.2.2.154, 1273, [1273]
2a01:6600:10:26::1, None, [39405]
2001:418:0:2000::a5, None, [2914]
62.40.124.22, 559, [21320]
85.111.69.58, 9121, [9121]
212.119.4.70, None, [2914]
154.54.6.86, 174, [174]
2403:7800:1000:13d:612:1100:19:243, None, [10010]
4.68.72.249, None, [3356]
2001:418:0:2000::16e, None, [2914]
4.69.141.133, 3356, [3356]
2a01:190:1764:3c::2, None, [1764]
60.37.54.165, 4713, [4713]
150.99.91.143, None, [2907]
195.219.156.22, 6453, None
82.119.246.30, 29208, [29208]
212.113.9.106, 8426, [3356]
223.120.22.9, 58453, [58453]
213.198.52.14, None, [2914]
196.49.7.26, None, None
149.6.148.158, 15389, [174]
2001:470:0:46d::2, None, [6939]
87.245.232.165, 9002, None
139.130.190.62, None, [1221]
52.46.93.133, 16509, [16509]
80.231.60.142, 37084, [6453]
2402:7800:100:100::8, None, [4826]
84.116.222.26, 6830, [6830]
62.40.98.105, 1930, [21320]
2a03:1b20:1:fe12::1, None, [39351]
150.99.91.33, None, [2907]
197.80.4.219, None, [10474]
61.200.91.153, 2914, [2914]
2001:728:0:5000::a52, None, [2914]
2a00:6d40:0:1::2, None, [31034]
129.250.4.207, 2914, [2914]
2001:418:8000:5000::1e, None, [2914]
2001:418:16::ea, None, None
159.226.254.5, None, [7497]
96.110.32.178, None, [7922]
92.60.0.187, None, [0]
4.69.143.238, 3356, [3356]
4.69.143.202, 3356, [3356]
141.136.96.211, 39120, [3257]
129.250.3.82, 2914, [2914]
212.72.47.134, 202196, None
154.25.9.142, 174, [174]
92.60.0.143, None, [0]
212.35.73.129, 8934, [9038]
129.250.3.234, 2914, [2914]
2406:da12:b8e:be00::1650:9, None, [16509]
218.248.235.129, 9829, None
2620:11c:5001:ffff::a8, None, [13331]
2001:504:36::effe:0:1, None, [-191]
2001:668:0:2:ffff:0:5995:8ba2, None, [3257]
195.81.119.42, 35361, [8928]
2402:6000:0:200::f5:1, None, [9503]
213.200.114.42, None, [3257]
14.0.9.110, None, None
2401:ad00:0:50:150:26:248:173, None, [18125]
129.250.130.254, 2914, None
184.105.64.138, 6939, [6939]
129.250.3.58, 2914, [2914]
2606:2800:4220:c::a, None, [15133]
87.245.233.176, None, [9002]
185.100.209.210, 15412, [200612]
2a00:c3a0:26:3::140, None, [51349]
2a02:2178:3:66::1, None, [29075]
2400:6500:0:1::31, None, [38895]
154.54.72.106, 174, [174]
2607:ff48:aa81:400::2, None, None
213.155.132.197, 1299, [1299]
154.18.96.34, None, [174]
145.145.166.40, None, [1103]
2401:af80:8fff:3062::1, None, [59103]
195.141.235.54, 33965, [6730]
2a07:e80:ffff:1:185:138:141:134, None, [203329]
154.54.58.174, 174, [174]
81.20.64.18, 24642, [2914]
77.67.83.243, None, None
213.155.135.4, 1299, [1299]
2001:1900:4:3::216, None, [3356]
81.20.65.114, 197595, [2914]
96.110.32.113, None, [7922]
2001:450:2001:1000:0:670:1617:2174, None, [3549]
209.148.230.137, 812, [812]
150.99.91.197, None, [2907]
93.186.128.202, 6762, [6762]
195.22.9.57, 8426, [8426]
2001:1488:ffff::20, None, [25192]
129.250.3.107, 2914, [2914]
81.52.186.28, None, [0]
213.198.77.166, 8365, [2914]
100.64.0.29, None, [0]
129.250.3.69, None, [2914]
155.12.0.90, 37084, [37084]
92.47.151.240, 9198, [9198]
2403::31e, None, [4755]
154.54.31.234, 174, [174]
2a01:7c8:f::2, None, [20857]
89.149.137.157, 4436, [3257]
216.47.199.209, None, [7265]
85.95.27.242, 45899, [15412]
2001:270:ffff:42:172:30:7:21, None, [0]
213.242.69.250, 13238, None
213.248.78.105, 1299, [1299]
185.176.72.81, None, None
52.94.33.16, None, None
150.26.248.170, 9821, [18125]
4.69.210.158, 3356, [3356]
85.132.90.174, 6736, [29049]
80.169.136.185, 8220, [8220]
133.208.191.135, 2518, [2518]
154.54.42.166, 174, [174]
62.149.56.125, 6908, [6908]
185.143.169.9, 42184, None
213.239.224.6, 24940, None
162.252.70.138, 11537, None
95.142.106.227, 24586, [8455]
158.174.206.77, None, [8473]
195.22.211.207, 6762, [6762]
189.247.172.41, 8151, None
2001:550:0:1000::9a36:18dd, None, [174]
2a00:6d40:200:5::132, None, [31034]
31.13.26.55, 32934, None
129.250.5.214, 2914, [2914]
154.24.45.97, 174, [174]
202.97.58.89, 4134, [4134]
129.250.4.25, 2914, [2914]
210.173.176.190, 2497, [-390]
129.250.5.78, 2914, [2914]
128.241.219.54, 20473, None
202.179.249.77, 24490, [24489]
129.250.2.129, None, [2914]
2402:c00:0:31::3, None, [9268]
80.231.217.29, 6453, [6453]
207.88.12.189, 12083, [2828]
14.1.54.101, 45177, [45177]
180.87.38.126, 6453, [6453]
2001:67c:13cc::1:104, None, [199330]
52.95.62.111, 16509, [0]
2001:2000:3018:d4::1, None, None
212.45.33.206, 12414, [12414]
2001:41b8:0:ffff::1b:1, None, [8365]
52.95.52.57, 16509, [0]
2001:7fa:7:1:0:1:6509:1, None, [-390]
2604:e180:de02::5, None, [55002]
77.72.228.10, None, [8674]
200.73.84.27, None, None
2001:a60:91ea::16, None, [8767]
2001:7f8::89ba:0:1, None, [-207]
4.15.104.6, 36444, [3356]
2a02:2f01:5ff0:5::1, None, [8708]
129.250.196.162, 15133, [2914]
202.52.233.225, 4613, None
197.155.94.171, 30844, [30844]
212.45.35.230, 12414, [12414]
129.250.207.246, 6908, [2914]
77.214.52.101, None, None
41.222.1.26, 36991, [36997]
93.158.217.18, 34612, None
150.99.91.135, None, [2907]
202.142.143.182, 4764, [4764]
89.149.130.34, 4436, [3257]
140.174.28.62, None, [2914]
52.94.35.16, 16509, [16509]
2a02:6b8:0:602::2, None, [13238]
2001:470:0:298::2, None, [6939]
2a01:300:1::2, None, [9009]
2a01:4f8:0:3::1b6, None, None
2001:418:0:2000::2f2, None, [2914]
212.23.42.21, 8928, [8928]
2001:7f8:42::a500:8308:1, None, [-649]
210.171.224.40, 6939, [-396]
150.99.78.103, None, [2907]
81.20.69.254, 12859, [2914]
2a00:f820:11::2, None, [34549]
62.115.137.58, 1299, [1299]
2400:cb00:2049:1::a29f:1926, None, [13335]
200.38.245.46, 6503, [6503]
64.125.30.249, 6461, [6461]
203.190.251.53, 38040, [38040]
195.2.8.70, 1273, [1273]
2001:470:0:1fe::1, None, [6939]
2001:218:0:2000::199, None, [2914]
96.110.32.14, None, [7922]
2001:728:0:5000::21e, None, [2914]
2001:550:3::155, None, [174]
129.250.4.97, 2914, [2914]
154.54.44.138, 174, [174]
154.54.60.6, 174, [174]
129.250.6.188, None, [2914]
184.105.223.177, 6939, [6939]
173.255.239.17, 63949, None
80.249.208.50, 1103, None
2001:200:0:10::141, None, [2500]
69.139.168.142, 7922, [7922]
38.104.95.234, 33280, None
194.150.190.5, None, [33988]
87.236.158.145, 47605, [47605]
4.69.203.121, 3356, [3356]
197.96.4.19, None, None
154.54.47.230, 174, [174]
4.68.70.241, 3356, [3356]
82.97.191.125, 13101, [13101]
130.117.1.117, 174, [174]
62.40.98.77, 21320, [21320]
178.251.92.249, 39702, None
212.3.235.154, 39386, [3356]
58.138.102.209, 2497, [2497]
80.190.139.43, 35003, [15598]
46.46.148.146, 8331, None
89.149.137.145, 4436, [3257]
80.82.243.130, 28792, None
2a01:4f8:0:3::ae, None, [24940]
210.138.9.202, 2497, None
150.99.90.33, 2907, [2907]
54.239.122.238, 16509, None
217.71.96.45, 13237, [13237]
129.250.4.126, 2914, [2914]
195.229.0.100, None, [8966]
2001:7f8:1::a500:8866:1, None, [-150]
2001:470:0:440::2, None, [6939]
2001:41b8:0:ffff::7:8, None, [8365]
62.40.98.81, 21320, None
212.187.165.14, 8468, [3356]
58.138.114.66, 2497, None
2001:558:3:1a::1, None, [7922]
89.149.180.174, 4436, [3257]
82.113.33.178, 52130, None
94.186.200.28, None, None
37.120.131.34, None, None
67.133.228.2, 209, [209]
129.250.6.98, 2914, [2914]
192.168.100.1, None, None
213.133.212.247, None, [0]
195.3.64.58, 8447, [8447]
62.115.147.117, None, [1299]
129.250.5.62, 2914, [2914]
80.190.139.42, 12657, None
2600:3c03:6666:12::2, None, None
129.250.2.133, 2914, [2914]
195.30.3.201, 5539, [5539]
129.250.2.97, 2914, [2914]
2a01:4f8:0:3::35a, None, [24940]
2001:550:0:1000::9a36:286d, None, [174]
144.208.211.23, None, [47147]
2607:f4d0::157, None, [17054]
87.245.240.162, 6939, None
72.52.92.121, 6939, [6939]
58.138.102.206, 2497, None
91.196.184.118, 43531, None
2406:f400:130::1, None, [38001]
2001:7f8:1e::27, None, [-711]
2600:3c01:3333:2::2, None, [63949]
41.181.245.188, 16637, [16637]
2001:2f8:181:c150::1, None, [2907]
193.51.177.163, 2200, [2200]
4.69.148.222, None, [3356]
2001:418:0:5000::ae, None, [2914]
129.250.2.156, 2914, [2914]
2001:470:0:31b::2, None, [6939]
154.54.39.106, 174, [174]
203.181.249.100, None, None
129.250.3.233, 2914, [2914]
61.203.192.46, 7679, [7679]
157.130.154.18, 701, None
2a02:490:f000:4::1, None, [20811]
141.136.109.177, 4436, [3257]
95.59.172.40, 9198, [9198]
2001:478:172::51, None, None
2a00:1768:2000:2:1::1, None, [43350]
52.95.30.14, 38895, [16509]
184.105.80.13, 6939, [6939]
64.86.79.127, None, [6453]
2a04:a9c0::3:6, None, [35574]
5.254.80.69, 3223, [3223]
2001:19f0:6401:1e7d:5400:1ff:fec7:243f, None, [20473]
2001:7f8:43::3:5625:1, None, [-250]
2001:7f8:24::a, None, [-755]
62.115.121.221, 1299, [1299]
2001:1900::3:19d, None, [3356]
188.126.92.21, 50168, None
2001:dcd:7::8, None, [134396]
2401:af80:2917::4, None, [10010]
2001:558:0:f5b8::1, None, [7922]
194.106.103.3, 8240, [3249]
14.1.54.38, 61138, None
212.43.193.149, 8426, None
154.54.42.78, 174, [174]
2001:470:0:3da::1, None, [6939]
2a00:1768::2:1, None, [43350]
67.16.142.226, 4323, [3549]
202.47.216.249, None, [4637]
2001:668:0:3:ffff:0:d8dd:9d59, None, [3257]
150.99.91.225, None, [2907]
62.119.32.90, None, None
58.138.88.10, 2497, [2497]
2a07:e80:0:10::2, None, [203329]
72.52.92.165, 6939, [6939]
144.208.208.134, 47147, [47147]
200.73.16.187, None, [18747]
204.68.252.82, 3356, [0]
2400:6500:0:4::20, None, [38895]
131.103.117.202, None, None
210.173.178.56, None, [-389]
2001:470:1:370::2, None, [6939]
2001:678:74::53, None, [55195]
154.54.82.242, None, [174]
2001:504:0:2:0:3:2425:1, None, [-235]
148.81.166.160, 1887, None
2a00:1dc0:caff:113::2, None, [43289]
2001:470:0:1d2::2, None, [6939]
2604:a880:ffff:a::232, None, None
87.245.232.180, 9002, [9002]
213.242.123.22, 12578, None
2001:7f8:a:1::75, None, [-309]
149.14.146.82, 174, [174]
2a02:4c00:0:4014::2, None, [12676]
133.17.199.17, None, [2907]
146.228.2.97, 1836, [1836]
195.2.30.154, 1273, [1273]
195.60.76.94, 39107, None
2606:2800:410f:3fff::1, None, [15133]
81.25.202.178, 32934, [2914]
2401:af80:8fff:3086::2, None, [59103]
2a00:b980:2:4::13d4:d9d9, None, [41000]
94.136.0.189, 48943, None
52.95.1.0, 16509, None
84.116.130.18, 6830, [6830]
17.0.74.64, 714, None
150.99.91.19, None, [2907]
63.218.222.206, 3491, [3491]
2001:418:0:2000::1da, None, [2914]
150.99.91.121, None, [2907]
129.250.9.82, 702, [2914]
128.241.2.250, 20473, None
74.119.76.74, 32934, [32934]
81.27.252.167, None, None
89.190.174.253, 20811, [20811]
212.200.185.15, 8400, [8400]
10.1.2.2, None, [0]
185.76.189.74, 50629, [50629]
81.20.72.21, 43350, None
2a02:c48:1200:100::1000, None, [49024]
180.149.48.17, 55824, [55824]
150.99.89.255, None, [2907]
62.115.113.84, None, [1299]
2620:10a:80aa::130, None, [55195]
2001:218:0:2000::12d, None, [2914]
2001:728:0:2000::135, None, [2914]
77.67.68.242, 26167, [3257]
130.117.0.122, 174, [174]
216.6.87.110, 6453, [6453]
154.24.23.26, 174, [174]
2620:11c:5001:1118::2:1, None, [13331]
2606:d680:4508:2::2, None, [4508]
2001:418:0:5000::3e, None, [2914]
197.239.75.117, None, None
75.76.35.115, 12083, [12083]
52.95.2.18, 16509, [16509]
129.250.3.130, 2914, None
134.159.124.86, 16509, None
130.117.0.142, 174, [174]
2a01:a8:0:1::31, None, [39122]
2001:4f8:1b:1::9:2, None, [1280]
2a01:190:1764:7b::2, None, [1764]
216.46.21.66, 395766, None
80.81.194.1, 8391, None
2400:6500:0:1::9, None, [38895]
52.93.12.248, 16509, [0]
2a01:390:dc4::acdc, None, [29405]
63.243.172.34, 14061, [6453]
2001:610:e00:1:145:145:128:4, None, None
52.95.1.176, 16509, [16509]
209.66.94.126, 202196, None
157.240.34.4, 32934, [32934]
2001:19f0:5:eb7:5400:1ff:fec6:ca71, None, [20473]
52.94.83.143, 16509, [16509]
133.208.55.22, 59105, [2518]
2001:240:bb01:86::7e, None, [2497]
2001:418:0:2000::72, None, [2914]
2001:218:0:2000::59, None, [2914]
213.242.69.226, 62094, [3356]
2001:470:0:2a0::2, None, [6939]
52.95.62.104, 16509, [0]
63.223.17.94, 3491, [3491]
216.66.84.218, 12536, [6939]
154.24.4.218, 174, [174]
52.46.93.38, 16509, None
157.238.179.114, 19151, None
2001:1998:0:4::36e, None, [7843]
31.210.10.54, 25145, [6663]
150.99.85.233, 2907, [2907]
2001:4858:aaaa:3c:ffff::2, None, [32097]
192.168.1.254, None, None
2a00:e400:2:1::a, None, [35258]
2600:3c01::f03c:91ff:fec8:52fe, None, [63949]
216.241.11.82, None, None
4.69.167.146, 3356, [3356]
173.230.159.65, None, None
2001:7f8:14::2, None, [-541]
100.64.0.3, None, [0]
212.73.241.86, 31034, [3356]
211.7.227.134, 7522, None
2606:d680:0:10::2, None, [4508]
2001:7f8:4::33b6:1, None, [-437]
2001:1998:0:4::558, None, [7843]
195.175.170.63, 9121, [9121]
83.231.214.126, 13237, [2914]
130.59.37.145, 559, [559]
196.223.5.5, 327844, None
195.16.80.8, 35065, None
150.99.66.231, 2907, [2907]
146.228.2.94, 1836, None
154.54.42.101, 174, [174]
54.240.229.189, 16509, None
2a01:190:1764:117::2, None, [1764]
2001:67c:10:1102::11, None, [60149]
2001:7f8:14::e:2, None, [-541]
83.231.214.62, 3292, [2914]
109.70.154.4, 50170, None
2001:728:0:5000::f6e, None, [2914]
52.95.53.197, None, [0]
2001:668:1f:11::105, None, [3257]
2001:418:0:2000::2c2, None, [2914]
129.250.5.118, 2914, [2914]
212.227.120.70, 8560, None
196.216.3.164, 33764, None
103.48.31.134, 59105, [59105]
197.155.94.69, 30844, [30844]
150.99.188.29, 2907, [2907]
14.0.9.77, None, [55391]
83.167.254.141, None, [24971]
46.254.123.197, 35258, None
202.87.128.66, 56055, [18200]
2001:218:0:2000::95, None, [2914]
2400:6500:0:1::1f, None, [38895]
195.219.87.1, 6453, [6453]
62.115.114.99, None, [1299]
2001:218:3000:5000::a1, None, [2914]
202.70.93.185, 23752, None
193.188.70.200, None, None
103.5.50.5, None, [58381]
2a04:d200:3::2, None, [61438]
62.115.122.160, 1299, [1299]
154.54.44.170, 174, [174]
154.54.63.2, 174, [174]
87.245.240.155, None, [9002]
2001:67c:69c::60, None, [47267]
2400:8901:1010::2, None, None
2001:418:0:3005::2, None, [2914]
54.240.244.72, None, None
202.70.93.189, 23752, [23752]
2001:470:0:405::2, None, [6939]
52.46.94.119, 16509, [16509]
83.217.227.138, None, None
129.250.3.34, 2914, [2914]
129.250.2.242, 2914, [2914]
64.125.28.98, 6461, [6461]
2001:67c:e0::5, None, [197000]
94.126.176.26, 59469, None
52.95.1.90, 16509, [16509]
184.105.222.1, None, [6939]
4.68.70.149, None, [3356]
212.72.47.90, None, None
2001:1af8:4010::1, None, [60781]
168.209.100.10, 3741, [3741]
2406:f400:200:30::1, None, [38001]
154.54.40.145, 174, [174]
2001:218:0:2000::11a, None, [2914]
185.100.209.208, 1299, None
54.240.242.32, 16509, [0]
213.242.120.238, None, None
89.149.137.217, 4436, [3257]
2001:978:2:90::42:2, None, [174]
52.94.82.102, 16509, [16509]
213.242.126.194, 15826, None
203.181.248.102, 7660, [7660]
213.248.103.170, 1299, [1299]
2001:668:1f:11::107, None, [3257]
68.86.86.97, 7922, [7922]
77.67.93.186, 4436, None
4.69.148.18, None, [3356]
2a00:4120::d5:ac:bc:11, None, [20804]
120.88.54.98, 20473, None
129.250.4.43, 2914, [2914]
146.97.37.194, 786, [786]
192.168.0.253, None, None
2001:12ff:0:a20::5, None, [22548]
2001:730:2100::5474:8061, None, [6830]
4.69.203.66, 3356, [3356]
2001:2f8:0:100::153, None, [2907]
52.95.1.108, 16509, [16509]
2001:468:fc:3f::1, None, [11537]
2001:470:0:45c::2, None, [6939]
52.95.3.130, 16509, None
2001:550:0:1000::9a36:1c81, None, [174]
200.0.204.220, None, None
5.53.6.170, 12956, [12956]
185.213.154.34, None, [39351]
54.239.46.106, 16509, [0]
2001:de8:8::4739:1, None, [-396]
2001:2f8:ffe0:1101::2, None, [2907]
203.119.104.18, 4608, [4608]
80.231.217.90, None, [6453]
2001:7b8:0:ffff:213:136:2:14, None, [12859]
2001:558:0:f545::1, None, [7922]
185.160.248.218, None, None
89.149.137.117, 4436, [3257]
67.14.18.70, 209, None
203.208.171.117, 7473, [7473]
212.156.252.68, None, [9121]
61.14.147.177, 63949, [10026]
213.155.134.51, 1299, [1299]
116.0.93.169, 6453, [6453]
210.4.208.67, 9733, [9733]
2620:19:4000:51::2, None, [395611]
92.60.0.131, None, [0]
2001:7f8:7f::163, None, [-641]
203.50.51.40, 1221, [1221]
180.87.12.1, 6453, [6453]
154.54.1.126, 174, [174]
178.21.17.21, 50673, [50673]
2001:550:0:1000::9a36:565, None, [174]
129.250.2.109, 2914, [2914]
77.244.139.141, 48961, [42689]
2001:610:f16:6020::1, None, None
63.243.205.2, 6453, [6453]
213.183.64.21, 15945, [15945]
2403:bd80:bb00:8::2, None, [59105]
2001:8d8:0:2::1, None, [8560]
77.67.123.234, 62000, [3257]
185.43.204.133, 12303, None
2001:200:0:1802:212:e2ff:fec0:3f09, None, None
154.54.29.174, 174, [174]
2001:2f8:181:8891:212:e2ff:fe56:7100, None, None
208.80.153.212, 14907, None
2001:470:0:38::2, None, [6939]
2001:5a0:fff0::1, None, [6453]
84.46.113.233, 15943, [15943]
185.54.120.69, 5539, [5539]
2001:470:0:1b4::1, None, [6939]
2001:506:100:4000::1:4c88, None, [0]
27.111.28.250, None, [4613]
154.54.31.189, 174, [174]
129.250.2.183, 2914, [2914]
75.76.127.201, 12083, None
212.200.5.33, 8400, [8400]
83.247.7.196, None, None
204.15.21.54, None, [32934]
150.99.89.153, None, [2907]
129.250.2.27, 2914, [2914]
162.252.70.139, 11537, [0]
2a00:13c8:10:3::, None, [25291]
173.205.48.166, 18747, [3257]
129.250.4.22, 2914, [2914]
2407:6e00:254:306::73, None, [17987]
2001:2000:3018:26::1, None, [1299]
2620:0:860:201:208:80:152:244, None, [14907]
14.0.9.78, 55391, None
46.33.86.106, 200612, [3257]
87.245.246.51, None, [9002]
63.217.16.34, 7497, [3491]
185.29.103.132, None, None
219.117.144.41, 23784, None
54.239.105.117, 16509, None
2001:728:0:2000::1a6, None, [2914]
144.208.211.149, None, [47147]
129.250.4.237, 2914, [2914]
62.78.107.242, None, [16086]
81.212.206.174, 9121, [9121]
193.95.0.70, None, None
194.225.150.10, 44889, [6736]
129.250.3.20, 2914, [2914]
210.173.176.94, 2907, [-390]
2001:200:901:6::480, None, None
4.59.240.226, 23314, [3356]
213.254.214.10, 4436, [3257]
2001:1900:2::3:83, None, None
154.54.44.142, 174, [174]
213.242.82.42, 1836, [3356]
2406:f400:261:408::1, None, [38001]
210.157.202.117, 4704, None
154.54.56.78, 174, [174]
92.60.0.232, None, [0]
213.198.87.206, None, [2914]
109.105.97.56, 2603, [2603]
213.157.192.58, 16010, [16010]
168.209.0.26, 3741, [3741]
108.170.242.129, None, [15169]
2001:470:0:214::2, None, [6939]
144.208.208.151, 47147, [47147]
168.209.100.18, 3741, [3741]
116.0.82.62, 6453, [6453]
2607:f4d0::126, None, [17054]
154.25.1.126, None, [174]
185.84.18.54, 16509, [2914]
129.250.25.197, 2914, None
2001:2f8:ffe0:1072::1, None, [2907]
78.47.240.250, 60574, [24940]
2001:470:0:3aa::2, None, [6939]
129.250.201.94, 38895, [2914]
212.46.96.242, None, None
2001:504:0:2:0:1:6876:1, None, [-235]
2001:450:2001:1000:0:40:6924:14, None, [3549]
217.196.40.74, 34106, [34106]
213.248.70.12, None, [1299]
77.214.52.97, 9158, None
2a02:4c00:100:1000::6, None, [12676]
2405:2000:400:300::1f, None, [6453]
63.223.46.70, 3491, [3491]
2001:5a0:1000:200::1a, None, [6453]
184.105.64.106, 6939, [6939]
2a02:4c00:0:1001::2, None, [12676]
52.95.31.213, None, [16509]
2001:4b98:dc2:1f::1:e01, None, [29169]
2001:5a0:500:100::21, None, [6453]
150.99.198.149, None, [2907]
2001:2000:3018:df::1, None, [1299]
154.54.7.130, 174, [174]
185.76.190.66, 50629, [50629]
2001:798:cc:1::5b, None, None
2001:7f8:17::7078:1, None, [-438]
213.156.230.35, 9092, None
129.250.3.188, 2914, [2914]
2620:138:5000:1003::206, None, [13925]
129.250.3.163, 2914, [2914]
2001:470:0:490::2, None, [6939]
109.105.97.50, 2603, [2603]
87.245.249.241, 48362, [9002]
129.250.7.68, 2914, [2914]
2001:470:0:2d8::2, None, [6939]
87.236.154.31, 51188, None
84.233.218.190, 8928, [8928]
2001:380:c210:15::1, None, [4713]
185.76.189.78, 50629, [50629]
84.233.218.186, 8928, [8928]
2607:f740:15:22::2, None, [36236]
130.117.0.17, 174, [174]
2001:506:100:4233::2, None, [0]
129.250.7.80, 2914, [2914]
63.223.43.22, 3491, [3491]
184.105.65.33, 6939, [6939]
129.250.3.23, 2914, [2914]
129.250.195.114, 40824, [2914]
74.119.79.84, 32934, [32934]
89.149.136.90, 4436, [3257]
129.250.193.2, 23352, [2914]
2408:8000:2:686::, None, None
185.76.190.85, None, [50629]
2001:240:bb1c:54::1c6, None, [2497]
2607:f7c0:0:86:c0f0:bfe6:0:2, None, [36444]
2001:728:0:5000::eaa, None, [2914]
2001:67c:e0::102, None, [197000]
2001:418:0:5000::100a, None, [2914]
68.85.137.213, 7922, None
62.115.141.245, 1299, [1299]
2001:2f8:ffe0:d1c::2, None, [2907]
2001:550:0:1000::9a36:2c55, None, [174]
154.54.37.30, 174, [174]
64.86.252.56, None, [6453]
72.52.92.86, None, [6939]
149.6.98.250, 60157, None
2405:2000:400:300::e, None, [6453]
203.113.37.193, 38040, [23969]
27.0.0.72, 38895, None
180.87.181.73, 6453, [6453]
52.94.33.12, 16509, None
212.191.126.70, 8501, None
2606:2800:6024:c::a, None, [15133]
2001:418:0:2000::291, None, [2914]
129.250.3.27, 2914, [2914]
162.252.70.133, 11537, [0]
80.67.168.4, 20766, None
2a01:d0:0:36::2, None, [29632]
80.241.176.174, 20771, [0]
2a02:1748:f251:6410::e164, None, [51184]
210.171.224.224, None, [-396]
10.222.63.231, None, [0]
2001:610:f16:6020::2, None, [1103]
2a02:4560:3::245, None, [60157]
14.1.54.37, 45177, [45177]
2001:728:0:5000::164d, None, [2914]
78.152.54.13, 12731, [5580]
2001:2000:3019:bc::1, None, [1299]
196.46.40.1, 37708, [36868]
69.30.209.204, None, None
2a02:c7a:6:1::1, None, [5607]
4.16.169.74, 852, [3356]
5.11.10.123, 30844, [30844]
154.54.25.149, 174, [174]
2a01:358:2000:1b::2, None, None
80.231.153.178, 6453, [6453]
54.239.105.105, 16509, [16509]
2800:960:0:4::502, None, [27768]
202.90.129.114, None, None
52.95.53.195, None, [0]
2001:2f8:ff00:61::1, None, [2907]
2001:a10:2:a29:193:59:0:98, None, [8308]
64.125.20.118, 6461, [6461]
2001:67c:16c8:b978::1, None, [206479]
62.115.116.41, 1299, [1299]
83.231.213.114, 13237, [2914]
62.157.251.190, None, None
210.49.108.54, 7474, [4804]
87.245.240.115, 15943, [9002]
2001:668:0:3:ffff:0:4d43:5dba, None, [3257]
213.133.213.42, 13208, [13208]
2800:960:0:4::101, None, [27768]
133.208.191.7, 2518, [2518]
2001:218:0:2000::102, None, [2914]
89.234.186.39, None, None
130.117.3.162, 174, [174]
195.22.9.77, 8426, [8426]
2001:4860:0:100c::1, None, None
129.250.4.14, 2914, [2914]
2001:728:0:2000::92, None, [2914]
2406:da14:586:1c00::1650:9, None, [16509]
154.54.9.29, 174, [174]
190.106.192.122, 27773, [262206]
2600:3c03:6666:13::2, None, [63949]
185.206.226.29, None, [9009]
2001:680:0:ffff:134:222:48:91, None, [286]
194.150.190.10, None, None
46.33.85.254, 39392, None
54.239.52.242, 38895, [16509]
2400:6700::25, None, [16509]
2001:470:1:252::2, None, [6939]
212.156.120.184, None, [9121]
72.21.222.251, 16509, None
129.250.5.14, 2914, [2914]
52.95.31.25, 38895, [16509]
213.83.128.2, 9158, None
150.99.72.105, None, [2907]
2400:6500:0:1::1a, None, [38895]
77.67.94.214, 8308, [3257]
203.119.104.29, None, None
10.222.78.133, None, [0]
213.178.75.245, 13101, [13101]
2400:6700::26, None, [16509]
129.250.2.33, 2914, [2914]
2406:f400:8:19::2, None, [38001]
66.230.78.150, 17054, [17054]
82.112.115.150, None, [2914]
2001:218:0:2000::85, None, [2914]
129.250.3.88, 2914, [2914]
200.160.0.180, 22548, [22548]
2001:418:0:2000::22, None, [2914]
154.25.2.222, 174, [174]
129.250.2.41, None, [2914]
41.181.190.198, 16637, None
185.100.209.22, None, [200612]
193.189.82.203, 203125, [-410]
96.110.32.170, None, [7922]
81.20.69.186, 20857, [2914]
2001:dcd:4::6, None, [134396]
213.192.191.174, 6667, None
219.117.144.53, 23784, [17685]
116.0.93.137, None, [6453]
213.19.197.50, 50999, None
108.170.243.33, 15169, [15169]
133.2.0.46, None, None
83.217.227.42, 47872, None
202.12.28.140, None, [4777]
4.69.140.34, 3356, [3356]
2001:218:2000:5000::53d, None, [2914]
217.112.244.219, 30798, None
2400:6500:0:4::2a, None, [38895]
10.222.78.129, None, [0]
197.155.94.23, 36997, [30844]
2001:470:0:3fe::1, None, [6939]
199.245.16.78, None, [2914]
112.174.87.249, 4766, [4766]
62.236.1.221, 16086, [16086]
134.222.49.16, 286, [286]
2001:798:99:1::b9, None, [20965]
141.136.107.50, 4436, [3257]
2001:504:13::210:17, None, None
195.2.25.146, 1273, [1273]
2001:558:3:12::1, None, [7922]
2001:2f8:ff00:97::3, None, [2907]
212.43.193.120, 8426, [8426]
195.22.205.25, 42473, None
162.252.70.140, 11537, [0]
157.97.168.5, 20857, [20857]
80.82.243.142, 28792, [28792]
144.208.208.209, None, [47147]
2620:10a:80ab::130, None, [394354]
162.151.57.122, 7922, None
2001:418:0:2000::321, None, [2914]
2001:468:fc:69::1, None, None
195.229.3.94, 8966, None
184.104.192.150, None, [6939]
129.250.2.16, 2914, [2914]
2001:7f8:1::a502:9405:1, None, [-150]
2001:418:0:2000::285, None, [2914]
2a00:1dc0:ffff:aa0a::1, None, [43289]
129.250.5.38, 2914, [2914]
2001:506:100:2::2, None, [0]
150.99.89.139, None, [2907]
129.250.3.191, 2914, [2914]
2001:1a10:cd:3::2, None, [8781]
83.231.187.186, 1299, [2914]
2a01:4f8:0:3::ee, None, None
2620:0:861:202:208:80:155:69, None, [14907]
180.149.48.12, 55824, [55824]
52.95.31.39, 38895, [16509]
94.101.60.149, 24796, None
2001:470:0:3ac::2, None, [6939]
52.95.31.47, 38895, [16509]
210.171.224.181, None, [-396]
81.93.181.34, None, None
2003:3c0:1403:8001::1, None, [3320]
2001:218:0:2000::111, None, [2914]
213.83.128.1, 9158, [9158]
128.241.4.214, 15133, [2914]
2a02:298:4a::6:a, None, [6908]
150.99.92.4, None, [2907]
213.242.121.14, 29169, [3356]
2001:728:0:5000::cd2, None, [2914]
5.178.43.130, 6762, None
168.209.201.22, 3741, [3741]
150.99.90.11, 2907, [2907]
129.250.3.159, 2914, [2914]
202.52.228.17, 4613, [4613]
85.118.130.183, None, None
128.241.219.58, 286, [2914]
54.239.53.41, 38895, [16509]
89.149.185.129, 5580, [3257]
197.155.94.47, None, [30844]
91.206.9.61, 51184, [51184]
152.195.80.133, 15133, None
185.76.191.9, 50629, [50629]
195.219.156.149, None, None
109.105.98.229, None, [2603]
150.99.85.231, None, [2907]
2001:610:f01:8092::93, None, None
2001:7f8::20c7:0:1, None, [-207]
2a01:190:1764:e2::1, None, [1764]
2401:fd80:400::1, None, [43519]
217.239.56.134, None, [3320]
202.21.128.128, 9834, [9834]
2604:e180:de03::5, None, [55002]
140.222.0.109, 701, [0]
4.69.132.146, None, [3356]
218.189.31.198, 9498, [9304]
131.103.116.146, 6429, [2914]
129.250.2.207, 2914, [2914]
2001:44b8:6113:2600::1337:ca75, None, [4739]
80.242.192.166, None, None
216.66.93.54, 20764, [6939]
154.54.38.206, 174, [174]
2001:12ff:2:1::246, None, [22548]
2001:418:0:5000::bad, None, None
2001:218:0:2000::21d, None, [2914]
195.2.31.2, 1273, [1273]
189.125.15.214, None, [3549]
2001:470:0:204::2, None, [6939]
202.22.224.42, 56055, None
77.67.124.30, 9038, [3257]
62.40.125.117, None, None
2001:668:0:2:ffff:0:5995:8baa, None, [3257]
195.2.31.38, 12302, [1273]
84.116.221.34, 6830, [6830]
68.86.85.21, 7922, [7922]
63.223.15.90, 3491, [3491]
150.99.90.87, None, [2907]
150.54.4.254, None, [2907]
62.115.123.136, 1299, [1299]
2001:468:fc:37::2, None, None
52.95.31.74, 38895, [16509]
46.22.182.17, 24586, None
133.38.171.60, None, [2907]
2401:af80:8fff:3086::1, None, None
89.149.180.178, 4436, [3257]
150.99.71.105, None, [2907]
38.104.248.218, 6503, [174]
2001:44b8:6060:8:d685:64ff:fe5d:2bee, None, [7545]
212.133.7.45, 39120, [3356]
2a00:1f78:af:c63::2, None, [8893]
2001:470:1:5b7::2, None, [6939]
2001:728:0:5000::1609, None, [2914]
24.153.4.185, 812, None
58.138.88.14, 2497, [2497]
216.239.41.195, 15169, None
2001:728:0:2000::4d, None, [2914]
103.48.31.49, 59105, [59105]
193.41.88.101, 13032, None
64.125.12.157, 6461, [6461]
2001:5a0:1000:500::2, None, [6453]
52.95.52.91, 16509, [0]
74.118.181.170, 46309, None
184.105.223.217, 6939, [6939]
202.236.2.1, None, [2907]
195.219.129.74, 37517, [6453]
150.99.90.29, None, [2907]
202.179.249.62, 7575, None
83.217.227.70, 20771, [2914]
2403:0:500::186, None, [4755]
120.88.53.21, 2914, [2914]
52.95.1.109, 16509, [16509]
129.250.5.32, 2914, [2914]
213.248.97.67, 39702, [1299]
2001:2000:3018:48::1, None, [1299]
54.239.53.16, 38895, [16509]
213.192.186.78, 6667, [6667]
54.239.123.26, 16509, None
62.115.113.49, None, [1299]
195.219.188.10, 15694, None
185.176.72.74, None, [29405]
2a01:5b0:0:133::2, None, [8391]
62.115.139.7, None, [1299]
129.250.2.130, 2914, [2914]
84.116.146.34, 6830, [6830]
14.1.5.77, None, [55392]
2001:470:0:1a7::1, None, [6939]
2407:8800:bf00:84::1, None, [7545]
202.84.138.218, 4637, [4637]
94.186.200.62, 48918, [48918]
63.218.149.198, 42473, None
193.251.129.44, 5511, [0]
2402:7800:110:1::b9, None, [4826]
89.149.136.130, 4436, [3257]
2001:728:0:2000::14d, None, [2914]
213.178.75.65, 13101, None
2001:de8:8::1:3335:1, None, [-396]
210.171.224.116, 8075, None
2.120.10.235, 5607, None
213.130.38.58, 20804, [2914]
129.250.5.94, 2914, [2914]
2001:504:d::1:4907:1, None, [-262]
66.28.4.198, 174, [174]
62.115.136.184, 1299, [1299]
150.99.184.33, None, [2907]
129.250.3.43, 2914, [2914]
154.54.6.222, 174, [174]
2001:240:bb00:a003::10f, None, [2497]
150.99.91.25, None, [2907]
146.172.105.30, 2119, [2119]
210.171.224.86, None, [-396]
89.149.181.9, 4436, [3257]
77.67.73.106, 28792, [3257]
69.174.6.174, 40065, None
2001:728:0:2000::152, None, [2914]
149.14.124.106, 39386, None
52.95.31.9, 38895, [16509]
180.87.112.141, 6453, [6453]
2a01:450::1:237, None, [6908]
64.86.79.1, 6453, [6453]
193.189.122.254, 35285, None
212.73.250.182, 6667, [3356]
2a01:450::1:35, None, [6908]
2001:888:1:4001::2, None, [3265]
95.59.172.36, 9198, [9198]
173.255.239.7, 63949, None
2001:418:0:5000::1af, None, [2914]
129.250.2.179, 2914, [2914]
172.16.150.2, None, None
2001:504:36::bb00:0:1, None, [-191]
2001:240:bb01:85::7d, None, [2497]
50.31.202.238, None, [23352]
2a02:6b8:0:2200::1a, None, [13238]
2001:470:1:1c1::2, None, [6939]
202.47.216.209, None, [4637]
84.46.115.157, 15943, [15943]
2403:7800:1000:150c:1820:2100:11:247, None, None
2402:6000:0:5::f:1, None, [9503]
202.84.140.222, None, [4637]
89.149.141.218, 4436, [3257]
12.122.2.5, 7018, [7018]
202.84.222.182, 10026, [4637]
200.40.98.27, 6057, None
195.219.87.94, 6453, [6453]
197.157.77.99, 37271, [37271]
212.73.242.130, 12008, None
2a02:6b8:0:3401::1, None, [13238]
54.239.53.161, 38895, [16509]
2607:7c80:255::2, None, [64260]
116.0.93.210, 58447, [6453]
212.227.120.49, 8560, [8560]
2001:4c10::2:59:0:61, None, [24586]
134.159.188.101, 10026, [4637]
81.26.160.209, 12843, [12843]
133.17.6.1, None, [2907]
2001:470:1:6e5::2, None, [6939]
2406:7400:8::a, None, [24309]
116.0.93.153, None, [6453]
209.221.26.118, 17054, [17054]
2001:218:0:2000::18a, None, [2914]
62.154.28.50, 3320, [3320]
154.54.27.170, 174, [174]
129.250.2.43, 2914, [2914]
52.93.16.42, 16509, [0]
179.31.62.7, None, [6057]
2a01:5a8::1:4, None, [8866]
2001:728:0:2000::1ae, None, [2914]
12.122.2.117, 7018, [7018]
154.54.43.9, 174, [174]
2407:8800:bf00:7a:7ead:74ff:fe0a:b808, None, [7545]
2a01:4f8:110:13cd::2, None, [24940]
2001:1498:1::100:227, None, [12956]
2001:558:e0:403::1, None, [7922]
54.240.244.185, 16509, [16509]
196.46.34.108, 36868, [36868]
2001:418:0:2000::31, None, [2914]
129.250.6.49, 2914, [2914]
154.54.38.106, 174, [174]
52.93.15.221, 16509, None
2001:418:0:2000::202, None, [2914]
2001:418:1400:5000::76, None, [2914]
129.250.66.90, 4134, [2914]
202.68.70.166, 9268, None
180.149.95.38, 45204, [45204]
85.95.26.205, 15412, [15412]
188.39.127.175, 8468, [8468]
163.139.128.234, None, None
62.115.8.203, None, [1299]
154.54.45.161, 174, [174]
58.138.102.214, 2497, None
152.195.73.133, 15133, [15133]
197.155.93.65, 37578, None
200.160.0.250, 20144, None
157.240.34.6, 32934, [32934]
129.250.3.181, 2914, [2914]
2a02:ab8:2:ffff::1, None, [48943]
82.197.128.21, 13237, [13237]
185.36.140.222, None, None
91.103.0.99, 42953, None
52.94.33.119, 16509, [16509]
2a01:390:c:2017::10, None, [29405]
162.252.70.60, 11537, [0]
2600:6c70::1, None, [20115]
213.198.77.198, 8708, [2914]
79.104.235.162, 3216, None
2001:200:0:6002::193, None, [2500]
200.160.0.178, 22548, [22548]
2800:960:20::1, None, None
2001:418:0:2000::a9, None, [2914]
150.99.72.103, None, [2907]
2401:d600:0:109::2, None, [45204]
10.50.1.121, None, [0]
213.200.114.54, None, None
81.25.202.250, 35574, [2914]
129.250.5.210, 2914, [2914]
130.59.39.78, None, None
62.115.120.112, 1299, [1299]
2a00:1ca0:0:16::2, None, [21413]
2a01:a8:201:9::aaaa, None, [39122]
138.197.249.87, 174, None
130.117.50.133, 174, [174]
63.218.222.214, 3491, [3491]
2001:218:0:2000::122, None, [2914]
68.86.94.226, 7922, [7922]
2001:470:0:491::2, None, [6939]
149.6.149.150, 25509, None
31.172.1.10, 39138, None
151.248.96.57, 59605, [59605]
130.117.50.166, 174, [174]
82.195.67.178, None, [8365]
2001:67c:e0::4, None, [197000]
130.94.195.170, 4436, None
2001:2000:3080:1245::1, None, [1299]
2001:19f0:fc00::a40:196, None, [0]
91.206.9.110, 51184, None
2001:cb0:2102:2:e::2, None, [10026]
2607:f740:15:3::2, None, [36236]
46.254.123.137, 35258, [35258]
2001:728:0:5000::1ce, None, [2914]
212.73.249.6, 35733, None
37.221.171.101, 3223, [3223]
192.5.208.109, 111, [111]
219.117.144.66, 23784, [17685]
2.120.10.207, 5607, None
2a03:300::1, None, [39642]
2001:240:168:1002::9e, None, [2497]
2001:2000:3018:9b::1, None, [1299]
129.250.4.187, None, [2914]
2a02:c7a:6::1, None, [5607]
154.54.77.245, 174, [174]
92.60.1.232, None, [0]
2003:8:14::107, None, [3320]
203.109.130.33, 9500, [9500]
210.173.176.188, 2516, [-390]
129.250.2.22, 2914, [2914]
185.150.252.250, None, None
2607:fad0:3610:2:0:1:0:1, None, [32244]
197.157.79.207, 36868, [37271]
87.245.233.144, 9002, [9002]
2001:470:0:326::2, None, [6939]
213.239.239.114, None, None
188.93.44.3, None, [39180]
212.85.148.25, None, None
2001:500:e::1, None, [12041]
145.145.18.93, None, None
2402:6000:0:200::f5:2, None, [9503]
134.222.48.223, 286, None
108.59.15.101, 30633, None
154.54.62.254, 174, [174]
153.149.219.121, None, [4713]
2a02:2000:0:81d::5bcc:d799, None, None
2001:418:0:2000::13e, None, [2914]
217.14.82.205, 16284, None
195.22.205.72, 6762, [6762]
2001:728:0:5000::6e, None, [2914]
62.115.134.207, 1299, [1299]
207.231.241.132, 226, None
61.200.80.13, None, [2914]
203.208.177.82, 4804, [7473]
2405:b400:0:6::3, None, [9733]
89.149.139.25, 4436, [3257]
195.0.242.3, 2116, None
80.231.130.130, 6453, [6453]
52.95.31.210, None, None
67.16.146.62, 4323, [3549]
87.245.240.186, 1299, [9002]
212.23.42.26, 8928, [8928]
4.69.162.218, 3356, [3356]
129.250.2.112, None, [2914]
2403:e800:ff00:110::4f, None, [4637]
72.52.92.245, 6939, None
178.155.254.225, None, None
2a00:114f:1::1, None, [47764]
52.95.31.221, None, [16509]
2600:3c01:3333:1::2, None, [63949]
2001:218:0:2000::329, None, [2914]
67.231.196.86, 23314, [23314]
2a02:1748::122, None, [51184]
83.217.227.139, None, None
2001:470:0:3a5::2, None, [6939]
212.161.252.145, 6730, [6730]
62.115.161.21, None, [1299]
52.93.4.0, 16509, [0]
2406:e400:2:3::2, None, [7642]
213.198.72.202, 36421, [2914]
133.38.62.126, None, [2907]
54.240.244.198, 16509, [16509]
197.155.94.15, 30844, [30844]
95.56.243.92, 9198, None
2001:418:0:4000::9a, None, [2914]
2606:2800:4105:f::a, None, [15133]
83.231.235.222, 3741, [2914]
2001:12ff:0:6000::19, None, [22548]
2001:470:0:72::1, None, [6939]
2001:2f8:181:c130::3, None, [2907]
2a02:968:1:110:212:72:227:132, None, [12859]
62.236.1.155, 16086, None
2001:418:0:2000::8a, None, [2914]
129.250.6.29, None, [2914]
193.51.177.170, 2200, [2200]
207.88.12.144, 2828, [2828]
37.97.252.1, 20857, None
2001:470:0:330::2, None, [6939]
31.210.11.158, None, [6663]
202.84.141.205, None, [4637]
5.11.10.93, None, [30844]
84.116.203.254, 6830, [6830]
2804:4c0:ffff:ff19::2, None, None
129.250.201.22, None, [2914]
103.48.31.204, 59105, None
4.16.38.110, 852, [3356]
204.1.254.150, 40528, None
82.112.96.246, 16347, [2914]
52.95.1.216, 16509, [16509]
89.149.139.166, 4436, [3257]
2a02:c7a:4:ffff::311, None, [5607]
85.186.202.10, 48112, None
66.220.2.170, 4766, [6939]
2001:418:0:2000::8e, None, [2914]
10.3.0.3, None, None
150.99.89.147, None, [2907]
184.105.65.9, 6939, [6939]
54.239.53.105, 38895, [16509]
150.99.189.13, 2907, [2907]
2001:500:2f::f, None, [3557]
192.229.225.133, 15133, None
209.131.151.127, None, None
150.99.91.213, None, [2907]
2001:218:0:2000::51, None, [2914]
210.173.178.18, None, [-389]
2a03:1b20:1:f303::2:1, None, [39351]
2001:12ff:1::157, None, None
202.97.82.93, 4134, [4134]
62.40.98.108, 21320, [21320]
69.79.104.0, None, [23520]
150.99.66.233, 2907, [2907]
195.253.6.166, 8391, [8391]
190.208.9.86, 6429, [6429]
2a01:190:1764:a5::2, None, [1764]
96.110.32.2, None, [7922]
2001:470:0:3ad::2, None, [6939]
2001:a10:121:1::156, None, [8308]
2a03:1b20:3:fe02::2, None, [39351]
213.133.212.182, 13208, [0]
129.250.201.10, None, [2914]
87.245.232.126, 9002, [9002]
58.138.112.22, None, [2497]
195.66.242.20, 5459, None
62.149.55.222, 6908, None
4.16.49.206, None, None
82.112.96.78, 34209, [2914]
2001:418:0:5000::7bf, None, [2914]
150.99.68.233, None, [2907]
96.110.32.73, None, [7922]
207.231.241.131, 11537, [-636]
87.245.236.226, None, [9002]
2001:1a10:0:bb:8781::2, None, [8781]
2001:470:0:3d3::2, None, [6939]
213.239.224.165, None, [24940]
206.223.119.191, 12083, [0]
212.191.224.73, None, [8501]
195.219.129.1, 6453, [6453]
213.242.69.254, 2119, [3356]
52.95.31.183, None, [16509]
69.167.128.26, 32244, [32244]
2001:470:0:259::2, None, [6939]
201.48.45.170, 28303, [16735]
62.93.197.254, 62310, [13237]
202.84.222.174, 10026, [4637]
212.119.24.246, 9121, [2914]
202.97.14.245, 4134, [4134]
2a01:728:0:401::2, None, [16347]
100.64.0.33, None, None
79.133.79.150, 48276, None
2001:418:0:6000::10e, None, [2914]
212.156.47.194, 56582, [9121]
2001:2000:3080:11d1::2, None, [1299]
210.171.224.164, 714, None
173.255.239.53, 63949, None
2001:7f8:4::3:188:1, None, [-437]
2001:728:0:2000::225, None, [2914]
2a03:b0c0:1:e0::2c5:7001, None, [14061]
62.149.53.142, 6908, [6908]
2001:418:0:2000::11d, None, [2914]
2600:0:2:1239:144:232:3:70, None, [1239]
154.54.29.221, 174, [174]
129.250.192.226, 15133, [2914]
120.29.211.3, 9829, [6453]
131.113.231.21, None, None
195.50.90.174, 43996, None
154.54.30.186, 174, [174]
168.209.2.133, 3741, [3741]
217.71.96.1, None, [13237]
2001:558:6010:2::2, None, [7922]
2001:418:0:2000::11a, None, [2914]
94.186.129.217, 48918, [48918]
2001:67c:217c:4::2, None, [2486]
2001:218:0:2000::186, None, [2914]
129.250.194.138, 55064, [2914]
193.151.86.13, 57119, [0]
62.73.179.138, 14061, None
62.115.117.49, 1299, [1299]
129.250.3.17, 2914, [2914]
63.217.17.190, 45204, [3491]
63.218.213.98, 4613, [3491]
54.239.43.29, 16509, [0]
85.115.3.110, None, [12843]
83.231.214.25, 9002, [2914]
208.175.252.154, 47720, [1273]
14.0.9.109, None, [55391]
4.69.201.182, 3356, [3356]
2001:7f8:33::a103:4549:1, None, [-410]
62.40.98.72, 766, [21320]
85.214.0.68, 6724, [6724]
150.54.2.254, None, [2907]
217.196.40.27, None, None
81.31.8.6, 201958, None
213.242.127.62, None, None
120.88.53.25, 2914, [2914]
2001:7fa:7:1:0:1:5133:1, None, [-390]
67.14.18.74, 209, None
31.169.65.90, None, None
154.54.26.130, 174, [174]
2620:10a:80ab::56, None, [394354]
129.250.3.30, 2914, [2914]
150.99.70.105, 2907, [2907]
212.162.40.62, 21473, [3356]
2405:b400:0:7::3, None, None
2001:67c:69c::59, None, [47267]
202.84.224.190, 10026, [4637]
91.204.213.202, 29491, [35297]
2606:2800:410f:c::a, None, [15133]
131.203.241.38, 9733, [9503]
129.250.192.230, 7922, [2914]
2001:470:1:8fd::2, None, [6939]
2407:8800:bf00:143::2, None, [7545]
207.231.240.135, 2907, [226]
212.65.5.216, 21473, [21473]
2001:728:0:2000::1ee, None, [2914]
95.59.172.34, 9198, [9198]
2402:b7c0:bb:3003::1, None, None
2a01:a8:201:9::1, None, [39122]
2001:506:100:14b::1, None, [0]
2001:2f8:ff00:97::1, None, [2907]
64.86.21.105, 6453, [6453]
129.250.2.19, 2914, [2914]
147.229.252.214, 197451, None
2001:7f8:58::7a37:0:1, None, None
2a01:4f8:0:3::35d, None, [24940]
212.65.5.209, 21473, None
2408:8000:3::1e, None, [4837]
2001:470:1:55b::2, None, None
2001:2f8:181:c110::1, None, [2907]
62.115.12.52, 1299, [1299]
2001:418:0:3006::2, None, [2914]
103.246.232.40, None, [-387]
2a01:390:c:2017::7, None, [29405]
2001:418:0:5000::933, None, [2914]
134.159.124.85, 10026, [4637]
2a01:7c8:f:20::2, None, None
108.170.242.193, None, [15169]
152.195.81.133, 15133, None
62.115.139.172, 1299, None
154.54.24.221, 174, [174]
180.149.92.14, 45204, [45204]
62.216.128.234, 15412, [15412]
2a01:248:0:1::130, None, [28792]
2a03:7400:1100:23::2, None, [39642]
221.111.179.181, None, None
202.224.52.58, None, [4685]
130.117.3.98, 174, [174]
2a00:7fc0:4000:16::4, None, [25291]
2001:218:0:4000::32, None, [2914]
68.86.87.174, 7922, [7922]
2001:1418:1:101::13, None, [12779]
129.250.2.116, 2914, [2914]
213.254.214.202, 4436, [3257]
95.81.129.209, None, None
200.160.0.212, 28001, None
64.125.29.44, 6461, [6461]
210.173.176.46, 4713, [-390]
203.178.140.215, 2500, [2500]
139.162.0.2, 63949, None
2a01:7c8:f:c05::2, None, [20857]
4.53.50.110, 111, [3356]
62.115.52.246, 262206, [1299]
2001:240:bb1c:c::ca, None, [2497]
80.67.4.209, 42708, [42708]
4.69.203.22, 3356, [3356]
217.71.96.242, None, [13237]
2001:470:0:3fd::2, None, [6939]
2a00:4120::d5:ac:bc:aa, None, [20804]
202.90.132.6, None, None
190.242.168.252, None, None
80.91.252.23, 1299, [1299]
95.142.111.70, 34106, [8455]
2001:500:2c::1, None, [12041]
166.49.168.131, 2110, [5400]
61.200.80.9, None, [2914]
62.40.124.198, 786, [21320]
2001:2f8:ffe0:1080::1, None, None
2001:270:fa11:106:241:66:44:2, None, None
157.240.47.250, 32934, [32934]
46.59.113.81, 8473, [8473]
69.174.9.190, 11404, [3257]
72.52.92.114, 6939, None
176.74.23.201, 41000, None
2001:ac8:10:10::af, None, [9009]
129.250.24.196, 2914, [2914]
80.249.208.71, 3333, None
129.250.7.30, 1221, [2914]
2001:470:0:360::1, None, [6939]
129.250.4.173, 2914, [2914]
95.59.172.48, 9198, [9198]
195.122.183.218, None, [3356]
31.13.29.149, 54115, None
210.224.162.214, None, [9371]
4.69.142.221, 3356, [3356]
62.115.33.49, None, [1299]
2001:470:0:410::1, None, [6939]
4.69.167.138, 3356, [3356]
129.250.4.185, None, [2914]
94.125.132.62, None, [48961]
2001:7f8:58::260:3:1, None, None
52.95.30.175, 38895, [16509]
2a04:a9c0::15, None, [35574]
2001:7f8:4::28ea:1, None, [-437]
202.249.2.185, None, None
62.214.33.10, 8881, [8881]
95.142.111.139, 198260, None
2400:6700::27, None, [16509]
213.144.4.58, 12843, [12843]
2001:240:bb00:a002::10e, None, [2497]
4.69.159.90, 3356, [3356]
210.176.40.34, 20454, None
195.41.183.146, None, [3292]
129.250.6.182, None, [2914]
154.54.0.166, 174, None
2001:428:a202::6:0:2, None, [209]
2001:418:0:2000::116, None, [2914]
2606:2800:4226:f::a, None, [15133]
2001:2f8:ffe0:104c::1, None, [2907]
154.54.1.177, 174, [174]
50.28.96.28, 53824, [53824]
2a02:490:f000:4::2, None, None
2001:240:bb1c:a::ca, None, None
2401:d600:0:10e::1, None, [45204]
87.245.248.162, 47605, [9002]
2001:5a0:fff0::7, None, [6453]
2001:7b8:3:37:213:136:12:209, None, [12859]
129.250.3.230, 2914, [2914]
210.173.178.59, None, [-389]
184.105.213.117, 6939, [6939]
213.254.0.19, 12779, None
62.115.113.25, None, [1299]
192.65.184.54, None, [513]
2a00:b980:1:6::1, None, [41000]
5.56.18.254, 39138, [201011]
193.251.241.137, 5511, [0]
62.115.169.39, None, [1299]
173.205.57.34, 393246, None
2a04:a9c0::8:3, None, [35574]
129.250.2.164, 2914, [2914]
184.105.65.14, 6939, [6939]
2001:470:1:821::2, None, [6939]
54.239.44.186, 16509, [0]
212.73.252.66, 197288, [3356]
2a01:8840:1ba::25, None, [12041]
80.91.254.90, 1299, [1299]
4.69.203.102, 3356, [3356]
213.198.82.186, 6663, [2914]
91.153.96.2, 719, None
52.93.240.67, None, None
172.19.17.189, None, None
216.184.112.1, 3816, None
129.250.192.86, 15133, None
62.40.98.89, 21320, [21320]
2003:0:1807:b::2, None, [3320]
150.99.90.25, None, [2907]
213.248.95.42, 59469, [1299]
139.162.0.10, 63949, None
103.41.61.41, None, None
196.216.3.163, 33764, None
87.245.232.64, 9002, [9002]
130.117.0.2, 174, [174]
185.76.190.169, 50629, [50629]
129.250.4.120, 2914, [2914]
133.38.168.254, None, [2907]
2a01:7c8:3628::ad1a:5, None, [20857]
196.26.0.69, 3741, [3741]
207.88.12.150, 2828, [2828]
4.69.202.178, 3356, [3356]
178.210.33.73, None, [43727]
212.53.201.215, None, None
129.250.5.190, 2914, [2914]
223.120.2.53, 58453, [58453]
2001:2f8:ffe0:cc9::2, None, [2907]
2001:67c:e0::85, None, [197000]
185.143.169.54, None, [42184]
58.138.106.125, 2497, [2497]
2a02:850:ffff::2, None, [1921]
192.70.187.18, 1312, [1312]
4.69.133.102, None, [3356]
138.44.129.153, None, None
87.245.246.61, None, [9002]
85.95.25.90, 15412, [15412]
129.250.7.32, None, [2914]
2001:67c:e0::83, None, [197000]
2400:cb00:2049:1::a29f:18b3, None, [13335]
4.69.206.86, 3356, [3356]
4.28.83.26, 32244, [3356]
185.5.200.255, 59715, None
62.115.119.41, 1299, None
2a01:a8:dc0:1::b, None, [39122]
2001:218:0:2000::176, None, [2914]
202.84.142.145, 4637, [4637]
2001:5a0:1000:500::56, None, [6453]
129.250.3.210, 2914, [2914]
134.222.48.91, 286, [286]
4.53.237.202, 20473, None
80.77.1.126, 9304, [15412]
207.231.240.23, 668, [226]
152.179.87.50, 701, None
66.230.78.198, None, [17054]
196.26.0.63, 3741, [3741]
154.54.57.98, 174, [174]
213.128.159.14, 12731, None
129.250.2.250, 2914, None
2a00:b980:1:3::, None, [41000]
2001:7f8:1::a502:857:1, None, [-150]
2406:7400:8::9, None, [24309]
100.99.0.17, None, [0]
52.93.129.164, None, [0]
2001:240::53, None, [2497]
2001:7f8:30:0:1:1:4:8943, None, [-828]
2001:418:0:2000::307, None, [2914]
81.212.202.18, None, [9121]
185.74.25.254, 201126, None
14.1.5.78, None, None
2a00:6d40:1:2::11, None, [31034]
150.99.91.223, None, [2907]
2001:728:0:2000::1b6, None, [2914]
62.140.29.68, 13101, [3356]
154.66.247.246, None, [37662]
2001:8d8:0:3::2e, None, [8560]
2001:2000:3019:6a::1, None, [1299]
2a02:c7a:4:ffff::312, None, [5607]
92.60.1.97, 1764, None
162.252.70.70, 11537, [0]
62.40.125.183, None, [21320]
154.54.86.90, None, [174]
2001:418:0:3007::2, None, [2914]
104.225.2.50, None, None
2001:418:0:2000::2fa, None, [2914]
179.31.62.5, None, [6057]
85.111.32.54, 199159, None
2001:7fa:7:1:0:39:4354:1, None, [-390]
150.99.91.11, None, [2907]
193.137.0.28, 1930, [1930]
203.78.186.254, 9505, [9505]
2001:2000:3018:8e::1, None, [1299]
194.126.204.66, 34605, None
2001:558:0:f5eb::2, None, [7922]
2001:470:0:30::1, None, [6939]
144.208.208.129, 47147, [47147]
91.206.9.122, 51184, [51184]
2001:67c:e0::1, None, [197000]
195.219.87.50, 1299, [6453]
4.59.232.46, 32934, [3356]
89.246.84.226, 201709, None
80.64.100.83, None, [20764]
2001:388:bc:4::2, None, None
150.99.199.94, None, [2907]
155.12.0.54, 37084, [37084]
213.239.252.34, None, [24940]
61.203.192.237, None, None
196.38.45.65, 30988, [3741]
109.160.0.205, 198228, None
130.117.1.206, 174, [174]
2a03:1b20:1:fe01::2, None, [39351]
2001:218:2000:5000::929, None, [2914]
2001:418:0:2000::41, None, [2914]
212.119.27.134, 32787, [2914]
67.16.177.174, 4323, None
213.254.218.78, None, [3257]
83.231.213.11, 8455, [2914]
150.99.89.161, 2907, [2907]
2001:418:0:5000::c49, None, [2914]
2001:558:0:f604::1, None, [7922]
195.2.31.9, 1273, [1273]
217.24.245.22, 42409, [42313]
207.197.33.33, 3851, [3851]
2001:1998:0:4::c1, None, [7843]
2607:f740:100:102::2, None, [36236]
173.255.239.27, 63949, None
37.49.236.202, 41405, None
2001:2f8:ffe0:1032::1, None, [2907]
2001:7f8:54::194, None, None
213.242.120.70, 8426, [3356]
80.231.217.6, 6453, [6453]
2620:0:860:fe03::1, None, [14907]
185.19.97.134, 16010, [20771]
84.116.133.62, 6830, [6830]
179.31.59.243, None, [6057]
2001:470:0:3f5::2, None, [6939]
2001:470:0:40a::2, None, [6939]
4.69.137.41, 3356, [3356]
129.250.5.134, 2914, [2914]
2001:dea:0:10::10, None, [-497]
154.54.41.146, 174, [174]
185.194.165.205, None, None
89.149.135.190, 4436, [3257]
212.156.117.98, 9121, [9121]
150.99.198.241, None, [2907]
116.0.93.145, None, [6453]
2a07:a40::, None, [48821]
2001:67c:158c:207::1, None, [5539]
154.54.28.129, 174, [174]
213.155.130.128, 1299, [1299]
2001:a60::89:704, None, [8767]
2400:6500:0:1::65, None, [38895]
62.40.98.91, 21320, None
2001:1af8:4010:a049:1::, None, [60781]
173.208.122.3, None, None
2001:798:cc:2801:2201::2, None, None
175.41.58.185, 9505, [9505]
2a02:1748::ffff:52, None, [51184]
4.71.152.134, None, None
2600:0:2:1239:144:232:15:246, None, None
89.149.184.238, 4436, [3257]
162.252.70.115, 11537, [0]
221.183.55.46, 9808, None
150.99.90.57, None, [2907]
2001:418:0:2000::b1, None, [2914]
129.250.4.89, None, [2914]
10.10.0.105, None, [0]
2001:418:0:2000::139, None, [2914]
202.70.93.157, 23752, [23752]
195.22.196.213, 6762, [6762]
2001:558:3::2, None, [7922]
92.60.2.73, 1764, [0]
113.197.15.6, None, [7575]
2001:468:fc:32::2, None, [11537]
68.86.90.70, 7922, [7922]
173.255.239.15, 63949, None
2001:1900:2100::1cb2, None, [3356]
81.25.207.206, 2914, [2914]
108.170.242.161, 15169, None
207.197.33.70, 3851, None
2001:578:2401:0:16::2f, None, None
190.12.64.45, 27843, None
2001:728:0:5000::62e, None, [2914]
2001:218:0:2000::62, None, [2914]
52.95.2.28, 16509, [16509]
162.151.220.246, 7922, None
41.188.64.18, 29544, None
213.178.75.237, 13101, [13101]
213.155.134.119, 1299, [1299]
154.66.246.209, 16284, [37662]
210.171.224.97, None, [-396]
197.155.94.190, 30844, [30844]
154.54.57.158, 174, [174]
163.237.254.16, 19255, None
83.231.214.158, 49024, None
154.54.60.242, None, [174]
80.231.217.94, None, [6453]
129.250.8.202, 3356, [2914]
4.68.70.253, 3356, [3356]
87.226.133.88, 12389, [12389]
62.115.139.168, 1299, [1299]
2400:cb00:22:1024::a29e:7591, None, None
179.31.59.241, None, [6057]
2001:5a0:3700::1, None, [6453]
2001:7f8:13::a502:857:1, None, [-576]
2400:8800:1f0f:6::1, None, [3491]
213.208.148.110, 5404, [1764]
10.10.0.38, None, [0]
173.182.207.215, 852, None
87.245.233.211, None, [9002]
144.208.208.153, 47147, [47147]
95.59.172.32, 9198, [9198]
2001:218:0:2000::7d, None, [2914]
94.142.119.230, 12956, [12956]
4.69.206.94, 3356, [3356]
150.99.92.3, None, [2907]
2001:418:0:2000::7e, None, [2914]
61.14.147.179, 63949, None
2001:418:0:2000::46, None, [2914]
129.250.66.54, 4134, [2914]
2001:468:fc:40::2, None, [11537]
129.250.204.6, None, None
154.54.59.98, 174, None
63.243.205.74, 6453, [6453]
141.136.102.162, 9038, None
84.116.140.1, 6830, [6830]
129.250.6.145, 2914, [2914]
2001:470:0:30e::1, None, [6939]
50.28.96.11, 53824, None
2001:550:0:1000::9a36:2caa, None, [174]
195.66.243.9, 5459, None
2001:2f8:ffe0:1080::2, None, [2907]
2401:7640:64:232::234, None, None
74.119.78.166, 32934, [32934]
81.95.2.73, 201011, [201011]
150.99.91.129, None, [2907]
210.173.176.78, 24252, None
180.149.97.33, 45204, [45204]
129.250.5.40, 2914, [2914]
129.250.3.106, 2914, None
200.160.0.157, 22548, [22548]
154.54.57.154, 174, [174]
157.238.179.94, None, [2914]
2001:7f8:4::781:1, None, [-437]
80.67.4.199, 42708, [42708]
128.173.2.57, 1312, None
159.226.254.86, 7497, None
10.222.177.162, None, [0]
2001:67c:e0::123, None, [197000]
193.75.1.68, 2116, [2116]
80.150.168.193, 3320, [3320]
68.232.39.64, None, None
96.1.216.184, None, None
2001:1420:0:2::2, None, [8676]
2001:504:16::3413, None, [-728]
2001:7f8:1e:3::172, None, [13004]
2a00:dd80:3a::43d, None, None
149.6.44.18, None, None
64.125.30.247, 6461, [6461]
41.78.188.2, 37271, [37271]
52.93.111.12, 16509, [0]
178.162.223.171, 28753, None
41.202.226.2, 36991, [36991]
87.245.233.173, 9002, [9002]
66.230.78.166, None, None
216.6.87.21, None, [6453]
202.97.53.141, 4134, None
87.245.232.46, 9002, [9002]
154.54.42.86, 174, [174]
64.125.29.52, 6461, [6461]
129.250.6.133, None, [2914]
157.17.130.46, None, None
2a01:450::1:40, None, [6908]
2001:470:1:5ea::2, None, [6939]
193.188.70.121, None, [8934]
81.212.211.160, 9121, [9121]
200.40.98.29, 6057, [6057]
89.149.186.46, 4436, [3257]
12.123.6.49, 7018, None
202.84.223.41, 4637, [4637]
96.110.32.77, None, [7922]
204.2.211.146, 16876, None
2001:470:0:1c0::2, None, [6939]
94.186.200.25, 48918, None
87.245.236.129, 39063, None
62.115.119.154, 1299, None
83.231.213.222, 47869, [2914]
202.87.128.65, 18200, [18200]
133.208.191.16, 2518, None
150.99.91.224, None, [2907]
80.67.1.49, 42708, [42708]
216.156.16.145, 2828, None
62.40.124.98, 1930, [21320]
210.171.224.95, None, [-396]
52.95.31.82, 38895, None
203.50.11.123, 1221, [1221]
2001:7fa:7:1::2497:3, None, [-390]
62.115.141.105, None, [1299]
89.149.130.74, 4436, [3257]
81.26.160.70, 12843, [12843]
129.250.4.21, None, [2914]
93.176.92.85, 31027, [31027]
216.66.80.70, None, [6939]
2001:470:12:1a7::2, None, [6939]
2620:10a:80aa::56, None, [55195]
52.95.31.218, None, None
197.80.5.50, None, [10474]
2001:240:bb5c:100f::cafe, None, [2497]
83.231.213.186, 60781, None
2001:470:1:547::2, None, [6939]
130.59.36.6, None, [559]
2a01:248:c:a016::2, None, [28792]
202.249.2.86, 2516, None
149.91.90.230, 62000, None
195.2.31.6, 1273, [1273]
195.50.126.230, 43519, None
150.99.200.208, None, [2907]
2a02:38:14::146, None, [6881]
154.54.42.66, 174, [174]
2001:1418:10:a::44, None, [12779]
2001:504:26::39:5611:1, None, [-479]
89.149.180.45, 4436, [3257]
2001:418:0:5000::20b, None, [2914]
199.168.90.75, 54054, None
195.2.31.233, 1273, [1273]
2a01:a8:0:3::33, None, [39122]
54.239.52.101, 38895, [16509]
52.95.31.176, None, [16509]
129.250.3.60, 2914, [2914]
2001:504:0:3:0:2:2298:1, None, None
162.252.70.158, None, [0]
185.138.141.134, None, None
212.119.15.122, 29208, [2914]
4.69.151.241, 3356, [3356]
193.138.216.63, 39351, None
129.250.5.145, 2914, [2914]
2405:2000:ff10:100::d, None, [6453]
2407:6e00:253:306::73, None, [17987]
129.250.2.199, 2914, [2914]
2001:728:0:5000::69e, None, [2914]
203.109.130.42, 9500, [9500]
2001:218:0:2000::11e, None, [2914]
2400:6500:0:4::23, None, [38895]
154.54.82.246, 174, [174]
194.187.172.9, 35574, None
83.169.204.135, None, [0]
81.17.112.42, None, [15598]
2607:f4d0::182, None, None
2607:f1c0:0:2::6e, None, [8560]
129.250.6.92, 2914, [2914]
154.54.47.50, 174, [174]
195.66.225.160, 5459, None
129.250.3.22, 2914, None
129.250.2.110, 2914, [2914]
4.68.70.233, None, [3356]
2001:7f8:1::a504:2184:2, None, [-150]
2a01:450::1:27, None, [6908]
209.148.230.54, 812, None
2001:7fa:7:2:0:1:5169:1, None, [-389]
103.246.232.113, 9371, [-387]
2001:de8:8::1:2041:1, None, [-396]
62.115.134.26, 1299, [1299]
52.93.47.82, None, None
83.231.214.42, 55002, None
124.215.192.22, None, [2516]
2400:cb00:22:1024::a29e:7567, None, None
203.178.137.193, 2500, [2500]
2a01:6600:10:34::, None, [39405]
154.54.40.105, 174, [174]
103.48.31.64, 59105, None
2001:7f8:1::a503:9351:1, None, [-150]
2001:418:0:2000::16a, None, [2914]
213.198.83.166, 47147, [2914]
83.217.227.14, 174, [2914]
2001:470:1:423::3, None, [6939]
185.29.100.51, None, [51859]
62.236.1.223, 16086, [16086]
178.155.255.62, None, [197288]
109.233.180.74, 34288, None
217.10.199.30, 60149, None
31.13.27.42, 32934, [32934]
129.250.8.134, 2914, [2914]
129.250.2.212, 2914, [2914]
62.115.136.46, 1299, [1299]
154.54.30.161, 174, [174]
52.95.31.207, None, [16509]
197.156.231.130, 37495, None
2001:728:0:5000::36e, None, [2914]
2001:2f8:ff00:9c::1, None, [2907]
2a00:114f:ffff:10:1::2, None, [47764]
62.115.142.207, 1299, [1299]
2001:728:0:2000::2a, None, [2914]
63.223.34.142, 3491, [3491]
185.160.248.138, None, [50533]
74.119.79.52, 32934, [32934]
212.156.102.177, 9121, [9121]
213.242.102.130, 9092, [3356]
85.115.3.246, 202040, None
209.51.184.198, None, [6939]
185.96.186.18, None, [0]
83.88.22.75, 3292, [3292]
40.138.81.245, 6983, [7029]
64.209.11.14, None, [3549]
150.99.198.194, 18125, [2907]
130.54.131.17, None, None
180.149.95.58, 133453, None
130.54.131.9, None, [2504]
103.41.60.164, None, [10010]
197.155.94.7, 30844, [30844]
195.3.64.141, 8447, [8447]
41.215.251.17, 37228, [37006]
64.125.29.123, None, [6461]
2001:2000:3019:c0::1, None, [1299]
2001:7f8:1::a504:1405:1, None, [-150]
149.14.146.50, 196745, None
106.187.13.18, 2516, [2516]
2001:1488:800::99, None, [25192]
154.54.58.70, 174, [174]
129.250.5.201, 2914, [2914]
168.209.246.16, 3741, [3741]
149.6.148.46, 6677, [174]
213.254.214.198, 4436, [3257]
93.87.21.214, None, [8400]
4.35.172.2, 46309, [3356]
216.243.1.2, 55002, None
185.96.186.165, None, None
2607:f438:0:1:69:79:100:21, None, [23520]
62.40.124.193, 766, None
176.67.177.145, 10474, [10474]
149.11.164.6, 1299, [174]
129.250.3.80, 2914, [2914]
212.45.60.45, 12414, None
89.149.131.217, 4436, [3257]
150.99.92.7, None, [2907]
54.239.52.109, 38895, [16509]
2001:41b8:200::11, None, [8365]
41.221.192.242, 37517, None
62.115.118.246, 1299, [1299]
115.110.234.110, None, [4755]
198.142.139.119, 4804, [4804]
210.176.138.141, 45899, None
194.1.149.250, 42409, None
89.202.179.250, 8928, [8928]
89.149.136.133, 4436, [3257]
89.149.137.205, 4436, [3257]
149.14.154.194, None, [174]
58.138.112.18, None, [2497]
103.41.61.66, None, [59103]
2001:798:99:1::ba, None, [20965]
2607:f7c0:0:400:c0f0:bfe6:0:2, None, [36444]
2001:470:0:280::2, None, [6939]
180.87.39.158, 23752, [6453]
195.22.214.205, None, None
2001:218:0:2000::1ee, None, [2914]
62.115.11.138, 199150, [1299]
2620:10a:80ab::150, None, [394354]
129.250.4.218, 2914, [2914]
2606:2800:4214:f::a, None, [15133]
210.171.224.96, -1, [-396]
103.41.61.65, None, [59103]
2001:506:100:4000::f:4c8f, None, [0]
89.149.139.21, 4436, [3257]
2a01:728:0:401::100, None, [16347]
52.93.13.29, 16509, [0]
210.173.178.25, 2907, [-389]
2001:2f8:1:0:2::2, None, [2907]
144.208.211.106, None, None
2001:470:0:268::1, None, [6939]
63.243.205.12, 6453, [6453]
155.12.0.14, 37084, [37084]
2001:728:0:5000::fa, None, [2914]
193.63.108.70, 786, None
2001:504:b:20::155, None, [0]
66.110.48.1, 6453, [6453]
209.131.153.127, None, None
83.88.27.79, 3292, None
2001:7f8:1::a504:7764:2, None, [-150]
2405:2000:400:300::8, None, [6453]
89.149.139.182, 4436, [3257]
2001:470:0:3fc::2, None, [6939]
129.250.204.190, 14907, None
84.116.130.121, 6830, [6830]
2001:500:8e::53, None, [12041]
2001:504:3b::54, None, [-647]
89.149.184.253, 4436, [3257]
2001:218:0:2000::1dd, None, [2914]
185.138.141.137, None, [203329]
2a01:450::1:8, None, [6908]
109.68.226.214, 25291, None
212.51.161.206, 16347, None
2001:7f8:1::a500:9121:1, None, [-150]
213.198.72.194, 5539, [2914]
58.138.102.213, 2497, [2497]
148.245.170.162, 22894, None
2a02:2f01:5ff0:5::2, None, None
213.254.214.246, 4436, [3257]
2a00:ba60:0:2::39, None, None
58.138.114.50, 2497, [2497]
4.69.216.246, None, [3356]
129.250.2.218, 2914, [2914]
2001:470:1:36b::2, None, [6939]
62.115.12.150, 45177, [1299]
2001:680:0:ffff:134:222:48:223, None, [286]
81.212.203.229, None, [9121]
200.27.103.27, 27678, None
2001:418:0:2000::24e, None, [2914]
129.250.66.106, 3491, [2914]
150.99.92.2, None, [2907]
2001:7f8:13::a503:9642:1, None, [-576]
180.87.37.64, 6453, [6453]
154.54.31.90, 174, [174]
2a01:4f8:0:3::146, None, [24940]
54.239.100.234, 16509, [0]
54.239.123.33, 16509, None
52.95.30.42, 38895, [16509]
2001:470:1:214::2, None, [6939]
133.17.160.129, None, None
89.149.183.122, 4436, [3257]
212.73.243.158, None, None
2401:d600:0:10c::2, None, None
81.212.223.133, 9121, [9121]
101.95.88.5, 4812, None
27.86.41.17, 2516, [2516]
209.148.233.89, 812, [812]
2400:b000:100::1, None, None
203.113.44.182, 23969, None
82.112.115.202, 55002, None
207.88.12.159, 2828, [2828]
129.250.2.118, 2914, [2914]
210.171.224.201, None, None
198.172.90.174, 33517, None
2001:418:0:5000::101e, None, [2914]
103.48.31.61, None, [59105]
150.99.198.206, None, None
2001:67c:e0::2, None, [197000]
4.69.167.114, 3356, [3356]
184.104.192.226, None, None
192.122.175.14, 1312, [40220]
129.250.5.147, 2914, [2914]
154.54.44.85, 174, [174]
149.62.152.224, None, [57119]
212.119.29.78, 8560, [2914]
2a01:4f8:de::54, None, [24940]
213.239.224.37, None, [24940]
2600:0:2:1239:144:232:15:57, None, [1239]
213.198.52.106, 25291, [2914]
62.115.118.169, 1299, [1299]
52.95.30.179, 38895, [16509]
80.157.206.250, None, None
203.190.251.108, 38040, None
2001:470:0:314::2, None, [6939]
212.156.102.145, 9121, [9121]
203.131.254.2, 58453, [2914]
129.250.4.82, 2914, [2914]
64.125.29.20, 6461, [6461]
195.182.4.225, None, None
2001:1af8:4100:0:81:17:32:237, None, [60781]
12.122.158.162, 7018, [7018]
2001:2f8:ff00:67::1, None, [2907]
195.50.124.218, 39386, None
88.204.208.2, 21282, None
62.115.122.158, 1299, [1299]
10.21.251.177, None, [0]
203.50.11.179, 1221, [1221]
83.231.213.182, 60781, None
58.138.88.57, 2497, [2497]
212.119.4.66, None, None
213.242.108.214, None, [3356]
154.54.1.193, 174, [174]
94.142.98.23, 12956, [12956]
84.16.8.143, 27843, [12956]
52.95.1.83, 16509, [16509]
185.220.0.249, None, None
2001:470:0:46c::2, None, [6939]
2001:ac8:10:10::159, None, [9009]
2607:fad0:31:1000::20, None, [32244]
2001:2f8:1:ff::a, None, [2907]
213.242.73.58, 35054, [3356]
2604:e180:de05::5, None, [55002]
63.146.27.213, 209, [209]
2403:7800:1000:1502:1820:2100:11:247, None, None
77.235.191.230, 21413, None
213.178.75.233, 13101, [13101]
38.140.136.114, None, [174]
2001:8d8:0:2::1e, None, [8560]
2a00:dd80:9:2::1:2, None, [36236]
2001:1498:1::100:170, None, [12956]
94.199.168.10, 48362, None
180.87.163.106, 6453, [6453]
2001:798:cc:1401:2201::9, None, [20965]
2001:608:0:e09::201, None, [5539]
207.88.12.161, 2828, [2828]
52.94.81.44, 16509, None
210.173.176.44, -1, [-390]
52.95.30.70, 38895, [16509]
46.20.246.220, 25091, [25091]
2a02:2178:0:21::2, None, [29075]
85.95.25.42, 15412, [15412]
178.162.223.177, 28753, None
2001:728:0:2000::106, None, [2914]
209.148.235.90, None, [812]
213.136.2.6, 12859, [12859]
213.136.2.13, 12859, [12859]
140.222.231.231, 701, [0]
2001:504:13::210:5, None, [-162]
4.16.47.218, 714, [3356]
150.99.91.57, None, [2907]
27.122.15.1, None, None
2001:558:0:f7b8::2, None, [7922]
2402:7800:110:516::22a, None, [4826]
2001:728:0:5000::40a, None, [2914]
2003:0:1403:4000::1, None, [3320]
54.239.123.24, 16509, [16509]
2001:418:0:2000::1bd, None, [2914]
4.69.150.161, 3356, [3356]
10.222.63.229, None, [0]
2a01:190:1703:4::2, None, [1764]
147.229.252.113, 197451, [197451]
83.217.238.14, 34587, [2914]
2401:af80:2917::5, None, [10010]
2a01:4f8:130:628f::2, None, [24940]
68.86.84.10, None, [7922]
87.245.232.167, 9002, [9002]
217.65.160.6, 8676, None
2001:7f8:1::a503:5574:1, None, [-150]
10.66.0.2, None, None
46.227.64.211, None, None
77.235.191.110, 21413, [21413]
85.95.26.137, 15412, [15412]
129.250.207.174, 4436, None
2001:418:0:2000::6d, None, [2914]
193.95.129.101, 2110, None
2a01:8840:10::1, None, [12041]
17.0.114.65, 714, None
213.239.203.202, 24940, None
2a07:a40:101:1337::1, None, [48821]
129.250.6.61, 2914, [2914]
120.88.53.29, 2914, [2914]
2001:418:0:4000::4e, None, [2914]
210.171.224.134, 13335, None
2620:0:2d0:203::157, None, [40528]
150.99.91.87, None, [2907]
2001:470:0:3c2::2, None, [6939]
154.54.88.70, None, [174]
197.155.94.163, 30844, [30844]
2001:19f0:fc00::a42:2, None, [0]
2001:470:0:350::2, None, [6939]
89.149.137.173, 4436, [3257]
2001:506:100:313::1, None, [0]
94.142.117.195, 12956, [12956]
153.149.221.93, None, [4713]
2003:8:14::53, None, [3320]
2a02:38:15::178, None, [6881]
46.46.128.74, 9002, [29470]
154.54.28.69, 174, [174]
62.216.130.33, 15412, [15412]
151.248.98.146, 42961, None
2620:0:863:201:198:35:26:244, None, [14907]
150.99.64.29, None, [2907]
129.250.193.222, 394530, [2914]
2001:7f8:4::a028:1, None, [-437]
14.1.54.102, 38064, None
185.120.22.230, None, None
2a01:450::1:17, None, [6908]
210.171.224.89, 9505, [-396]
116.0.67.34, 6453, [6453]
154.54.38.210, 174, [174]
62.115.114.87, 1299, [1299]
62.40.98.117, 21320, None
210.171.224.117, 715, None
62.149.55.145, 6908, [6908]
193.51.177.172, 2200, None
62.115.119.91, 1299, [1299]
2001:730:2100::5474:8046, None, [6830]
2001:dcd:1::6, None, [134387]
2001:418:0:2000::171, None, [2914]
46.30.208.70, None, None
74.119.78.162, None, [32934]
52.95.1.251, 16509, [16509]
52.46.94.118, None, [16509]
157.240.34.8, 32934, [32934]
2406:f400:271:400::2, None, [38001]
62.140.25.106, 553, [3356]
2604:ee00:0:101::40, None, [18865]
2001:470:1:40d::2, None, None
212.237.248.11, None, [48854]
194.117.12.134, 1930, None
103.96.64.234, None, None
62.40.124.158, 513, [21320]
67.14.31.218, 209, [0]
2620:11c:5000:ffff::f2, None, [13331]
2a02:4c00:0:1003::42, None, [12676]
2001:7f8:33::a120:6479:1, None, [-410]
52.95.2.43, 16509, [16509]
128.173.0.194, 1312, [1312]
84.116.221.86, 6830, [6830]
112.174.85.38, 4766, None
62.216.144.78, 18101, None
94.186.200.27, None, [48918]
5.158.213.70, 174, [2914]
2001:470:1:873::2, None, [6939]
2001:418:0:3004::2, None, [2914]
2001:418:0:2000::2, None, [2914]
2001:418:0:2000::27a, None, [2914]
150.99.92.5, None, [2907]
2003:0:1807:b::1, None, [3320]
2a01:6600:10:2b::1, None, [39405]
2001:680:0:ffff:134:222:49:16, None, [286]
197.80.7.78, 10474, None
37.46.195.34, None, None
129.250.4.178, 2914, [2914]
2001:12ff:1::160, None, [22548]
2a01:450::1:1, None, [6908]
202.84.138.58, 10026, [4637]
103.202.216.83, None, [59105]
2a03:1a80:babe:4::2, None, None
2a01:d0:0:1c::43, None, [29632]
188.230.128.10, 198644, None
195.81.233.198, 196670, None
89.190.174.254, None, None
2a03:a860:16:6::3, None, [34587]
2a00:dd80:9:3::2, None, [36236]
2001:728:0:5000::b0e, None, [2914]
212.187.173.138, 37282, [3356]
216.239.191.185, 23314, [23314]
213.239.229.66, 24940, None
2001:500:8d::53, None, [1280]
81.20.64.102, 9121, [2914]
2001:218:0:2000::21, None, [2914]
2001:500:b::1, None, [12041]
2001:218:2000:5000::935, None, [2914]
69.174.23.149, 4436, [3257]
2403:e800:410::2, None, None
188.65.73.90, 42473, None
2001:418:0:2000::ad, None, [2914]
146.172.14.198, 2119, [2119]
2607:f438:0:2105:190:242:168:24d, None, None
2001:470:12:3d::2, None, [6939]
2001:2f8:ffe0:101b::2, None, [2907]
213.239.252.26, None, [24940]
100.50.1.1, None, [10507]
4.69.141.250, 3356, [3356]
84.46.110.245, 200567, [15943]
2a03:a860:10:a51::2, None, [34587]
62.40.98.128, 21320, [21320]
2001:7f8:8:10:0:22bd:0:1, None, [-271]
4.69.148.229, 3356, [3356]
100.99.0.22, None, [0]
62.67.34.106, 50533, [3356]
217.159.211.202, 198068, None
129.250.200.250, 17054, [2914]
37.97.252.133, 20857, [20857]
2001:550:0:1000::9a36:2752, None, [174]
10.21.22.101, None, [0]
200.35.190.250, 26617, None
213.248.103.186, 35258, [1299]
129.250.3.179, 9121, [2914]
31.13.27.145, 54115, None
2001:504:13::210:136, None, [-162]
2001:2f8:ff00:97::2, None, [2907]
74.208.6.124, 8560, None
154.54.5.101, 174, [174]
129.250.5.194, 2914, [2914]
184.104.192.134, None, [6939]
83.231.187.2, 1764, [2914]
80.169.136.186, 42310, None
144.208.208.146, 47147, [47147]
2c0f:ff40::13, None, [10474]
2a00:a4c0:0:1::4, None, None
2001:1498:1:b43::2, None, [12956]
80.156.161.154, 15945, [3320]
2001:2f8:ffe0:105b::2, None, [2907]
213.254.214.214, 4436, [3257]
157.238.179.86, None, [2914]
203.50.13.93, 1221, [1221]
193.136.1.94, 1930, [1930]
10.222.177.166, None, [0]
2003:0:1403:4001::2, None, [3320]
203.109.130.34, 9500, [9500]
2400:6500:0:4::39, None, [38895]
2001:468:fc:36::1, None, [11537]
149.5.69.66, 202196, None
85.185.93.1, None, None
184.105.65.30, 6939, [6939]
2001:7f8::3184:0:1, None, [-207]
81.196.8.34, 57137, None
133.2.0.29, None, [17523]
81.17.115.26, None, [15598]
2001:19f0:6400::a4e:19a, None, [20473]
2001:418:0:2000::21, None, [2914]
95.59.170.45, 9198, None
194.153.169.188, None, [0]
210.173.176.186, 8966, [-390]
2001:2f8:ffe0:e::2, None, [2907]
202.97.60.213, 4134, [4134]
2600:2600::87, None, [33362]
2001:558:0:f533::2, None, [7922]
2001:418:0:2000::16, None, [2914]
52.93.13.25, 16509, [0]
122.1.245.69, 4713, [4713]
196.223.25.253, -1, None
90.157.211.89, None, [8591]
149.62.152.201, 57119, None
2001:608:3:337::1, None, [5539]
130.117.3.238, 174, [174]
2001:470:0:e2::2, None, [6939]
192.5.208.74, 111, None
62.149.53.38, 6908, [6908]
129.250.2.6, 2914, [2914]
213.192.184.73, 6667, [6667]
81.26.160.86, 12843, [12843]
2001:578:1:0:172:17:248:238, None, [22773]
184.105.64.133, 6939, [6939]
2a02:f08:103:beef::100, None, [42184]
2001:550:0:1000::9a36:2ea1, None, None
2a01:390:c:2017::146, None, [29405]
4.79.23.38, 43996, None
194.29.243.78, 20647, None
2001:67c:16c8:fffa::2, None, [206479]
154.54.81.66, None, [174]
129.250.3.11, 2914, [2914]
2001:418:0:2000::aa, None, [2914]
87.245.233.230, 9002, [9002]
4.69.143.166, 3356, [3356]
210.171.224.200, 17685, [-396]
130.117.51.42, 174, [174]
2600:0:2:1239:144:232:9:177, None, [1239]
129.250.2.246, 2914, None
212.45.61.33, 12414, [12414]
85.31.194.10, 30781, [30781]
2001:470:0:365::2, None, [6939]
74.125.37.227, None, None
66.230.78.193, None, [17054]
2001:2000:3018:e0::1, None, [1299]
89.149.187.233, 4436, [3257]
2001:470:0:1a8::2, None, [6939]
52.93.13.19, 16509, [0]
185.176.72.71, None, [29405]
150.99.70.103, None, [2907]
213.239.229.70, 24940, None
200.0.204.5, None, None
178.162.223.173, 28753, [28753]
213.184.38.97, 8240, None
129.250.6.193, 2914, [2914]
2400:6500:0:4::47, None, [38895]
2001:4478:1:1::152, None, [4802]
41.78.188.12, None, [37271]
2606:700:ffff:1::73, None, [54054]
202.224.32.86, 4685, None
196.38.45.64, 3741, [3741]
213.239.202.6, 21413, [24940]
129.250.4.158, 2914, [2914]
2001:5a0:2200:400::47, None, [6453]
62.40.98.37, 21320, [21320]
2001:d18:ffff:ffff::a, None, None
129.250.4.101, 2914, [2914]
212.237.248.19, 48854, None
141.136.109.181, 4436, [3257]
2001:728:0:2000::179, None, [2914]
2a00:1ca0:0:13::2, None, [21413]
2001:1498:1::100:251, None, [12956]
2001:728:0:5000::be, None, [2914]
2001:8000:0:2000:3001:4001:0:5, None, None
2001:de8:8::6939:1, None, [-396]
62.214.38.63, 8881, [8881]
4.69.143.178, 3356, [3356]
150.99.186.25, None, [2907]
61.200.80.73, None, [2914]
212.200.7.65, 8400, [8400]
2001:418:0:2000::9e, None, [2914]
85.95.26.113, 15412, [15412]
2001:de8:4::42:1, None, [-254]
193.239.165.1, 43289, None
216.66.93.66, 20764, [6939]
208.73.136.23, None, None
154.54.36.54, 174, [174]
149.11.76.186, 174, None
4.69.167.130, 3356, [3356]
2001:1a10:0:bb:8781::fe, None, [8781]
2001:728:0:5000::772, None, [2914]
87.245.246.113, 29405, [9002]
62.149.50.209, 6908, [6908]
129.250.4.117, 2914, [2914]
159.226.254.41, 7497, [7497]
168.143.97.14, 393225, None
2001:470:0:478::2, None, [6939]
2001:ac8:10:10::4c, None, [9009]
2a01:9e40:1:d::4, None, [31287]
2001:7f8:14::4, None, [-541]
62.115.140.127, 553, [1299]
52.95.31.186, None, None
87.245.243.165, 62214, [9002]
2001:728:0:2000::122, None, [2914]
185.84.16.34, 50629, [2914]
195.22.211.199, 6762, [6762]
176.74.23.190, 41000, [41000]
81.20.67.214, 12414, [2914]
197.155.94.168, 30844, [30844]
185.84.17.222, None, [2914]
2001:19f0:6400::a4e:201, None, [20473]
100.100.0.9, None, [0]
2001:470:0:277::2, None, [6939]
217.196.158.14, 5404, None
2001:1418:1:101::5, None, [12779]
2001:380:ca10:13::1, None, [4713]
150.99.198.193, None, [2907]
63.218.222.94, 3491, [3491]
10.0.0.249, None, [0]
196.14.20.203, 37663, None
66.110.59.1, 6453, None
195.2.24.246, 1273, [1273]
2a01:4f8:0:3::352, None, [24940]
4.31.208.162, 30176, None
210.188.225.233, None, None
2001:470:0:30d::2, None, [6939]
38.88.241.242, 40191, [174]
2607:f790:100::5, None, [-193]
2607:f4d0::183, None, [17054]
154.54.40.109, 174, [174]
212.10.45.195, 197288, [197288]
176.32.125.191, 16509, [0]
213.46.160.174, 6830, [6830]
103.246.232.64, 714, [-387]
213.200.119.214, None, [3257]
202.84.247.38, 4637, [4637]
203.50.6.96, 1221, [1221]
213.242.69.194, 8473, [3356]
202.179.249.5, 24490, [24489]
2001:728:0:5000::57a, None, [2914]
2c0f:ff40:30:161::4, None, [10474]
150.99.91.212, None, [2907]
217.71.96.133, 13237, [13237]
2001:67c:13cc::1:88, None, [199330]
2001:558:0:f691::2, None, [7922]
2001:470:0:431::1, None, [6939]
211.29.132.2, None, None
195.219.156.212, None, [6453]
84.116.134.122, 6830, [6830]
2001:418:3f4:0:204:42:254:42, None, [2914]
2001:218:0:2000::16e, None, [2914]
196.37.155.180, 33764, [3741]
203.113.61.246, 38040, [23969]
150.99.90.19, 2907, [2907]
2a02:1748::121, None, [51184]
2a04:2b00:13cc::1:104, None, [60890]
129.250.9.18, None, [2914]
129.250.206.18, None, [2914]
173.205.44.194, 174, [3257]
195.2.24.242, 1273, [1273]
133.17.4.6, None, [2907]
213.248.99.35, None, [1299]
31.210.11.157, 196838, [6663]
2001:504:1a::35:14, None, [-794]
2001:de8:8:6::6939:1, None, [-387]
37.46.123.250, 51430, None
128.241.4.6, 55002, None
213.239.252.18, None, [24940]
2001:5a0:fff0:100::35, None, [6453]
2001:470:0:3c0::1, None, [6939]
213.183.70.230, 15945, None
202.224.52.59, None, None
82.119.245.185, 29208, [29208]
52.93.12.76, 16509, [0]
87.245.233.9, 9002, [9002]
2001:558:3:2a::2, None, [7922]
141.136.109.206, 4436, None
202.97.34.157, 4134, None
2a04:2b00:13cc::1:88, None, [60890]
129.250.4.249, 2914, [2914]
154.54.27.138, 2149, None
129.250.207.202, 20473, [2914]
2001:728:0:5000::7ca, None, [2914]
50.242.151.61, 7922, [7922]
154.54.57.162, 174, [174]
197.80.7.66, 10474, [10474]
2407:8800:bf00:7d::1, None, [7545]
2607:7c80:54:6::13, None, [7247]
62.40.98.80, 21320, [21320]
80.157.204.22, None, None
2001:418:0:5000::b19, None, [2914]
202.84.224.194, 10026, [4637]
83.88.12.247, 3292, [3292]
52.95.31.181, None, [16509]
129.134.43.166, None, [32934]
202.84.223.106, 4637, [4637]
2402:c00:0:31::1, None, [9268]
2001:504:0:5:0:3:6236:1, None, [-236]
203.181.249.82, 7660, [7660]
5.254.87.210, None, [3223]
2001:480:e:2440::2, None, None
31.13.26.53, 32934, None
2001:2000:3080:1a6::1, None, [1299]
212.187.139.122, 48294, [3356]
87.238.63.62, None, None
210.173.178.31, 2497, [-389]
213.52.81.218, None, [2116]
202.142.143.98, 4764, None
2001:418:0:2000::e9, None, [2914]
129.250.9.66, 2828, [2914]
196.192.112.67, 37708, None
180.87.15.202, 4755, [6453]
94.186.200.61, 48918, None
202.84.253.86, 10026, [4637]
150.99.189.241, None, [2907]
2620:10a:8053::2, None, [394354]
2001:470:0:240::1, None, [6939]
52.95.1.195, 16509, [16509]
129.250.4.141, 2914, [2914]
192.203.115.129, 226, [0]
67.14.34.206, 209, [0]
209.58.86.142, 6453, [6453]
195.31.80.162, None, [3269]
89.149.184.246, 4436, [3257]
113.197.15.201, 226, None
2001:550:0:1000::9a36:2a65, None, [174]
2001:470:1:39f::2, None, [6939]
154.54.42.98, 174, [174]
2a00:7600:0:eeee::1f, None, [21412]
150.99.78.105, 2907, [2907]
85.119.0.202, 35054, None
140.174.28.34, None, [2914]
61.213.145.221, 2914, [2914]
129.250.5.89, 2914, [2914]
83.231.233.146, None, [2914]
217.239.52.22, 3320, [3320]
5.53.6.188, 12956, [12956]
2001:470:1:ff::2, None, [6939]
2a01:8840:c1::1, None, [42]
27.86.41.21, 2516, [2516]
2001:12ff:2:1::250, None, [22548]
2001:200:133::8e, None, [2500]
2001:5a0:2200:400::33, None, [6453]
95.142.111.131, 12041, None
2620:10a:80aa::150, None, [55195]
86.49.188.6, 197451, [6830]
4.69.142.209, 3356, [3356]
2001:504:1::a506:3949:1, None, [-581]
94.126.208.2, 48294, None
89.234.186.34, 204092, [204092]
2001:1a10:0:bb:8781::10c, None, [8781]
2001:7b8::213:136:1:255, None, [12859]
223.120.2.78, 9808, [58453]
203.119.104.34, 4608, [4608]
180.87.15.80, 6453, [6453]
80.64.103.127, 49342, None
80.231.130.114, 6453, [6453]
62.40.98.129, 21320, None
95.59.172.47, 9198, None
64.86.252.216, 6453, [6453]
162.252.70.144, 11537, [0]
210.157.202.114, 4704, None
173.246.102.13, None, None
12.122.2.125, 7018, [7018]
66.28.4.238, 174, [174]
54.240.229.171, 16509, None
2607:f7c0:0:68:c0f0:bfe6:0:2, None, [36444]
62.40.98.151, 5408, None
62.115.122.60, 1299, [1299]
2001:d18:1:1::1, None, None
62.78.108.36, 16086, [16086]
178.237.173.29, 34587, [34587]
2001:470:0:1b1::1, None, [6939]
2001:2f8:ffe0:1048::2, None, [2907]
194.68.128.78, 25091, [-572]
203.190.251.102, 38040, [38040]
95.59.172.46, 9198, [9198]
4.69.160.73, 3356, [3356]
157.240.40.156, 32934, [32934]
198.32.153.3, 297, None
216.153.237.6, None, [7029]
106.187.13.6, None, None
129.250.6.112, 2914, [2914]
213.155.135.85, 1299, [1299]
2001:470:0:404::2, None, [6939]
180.87.181.75, 6453, [6453]
203.167.222.206, 9834, [4768]
203.109.130.41, 9500, [9500]
129.250.3.145, 2914, [2914]
4.69.141.154, 3356, [3356]
196.36.50.154, 3741, [3741]
2001:668:0:2:ffff:0:5995:8ca1, None, [3257]
210.171.224.94, 2516, [-396]
129.250.203.6, 7029, [2914]
2407:8800:bf00:92::2, None, [7545]
154.54.87.125, None, [174]
46.28.244.175, 34209, None
52.94.83.198, 16509, [16509]
180.87.38.1, 6453, [6453]
52.94.82.251, 16509, [16509]
2402:7800:110:1::a, None, [4826]
185.140.49.45, 26167, [26167]
2001:2f8:ffe0:cdc::2, None, [2907]
64.125.29.48, 6461, [6461]
2a07:a40:101:1337::2, None, [48821]
150.99.91.102, None, [2907]
52.93.31.49, None, [0]
2001:470:0:3b2::2, None, [6939]
203.178.133.142, 2500, [2500]
173.230.159.67, None, None
2001:558:d0:4017::2, None, [7922]
212.232.31.166, 51184, [47692]
4.15.212.246, 852, [3356]
2a00:ba60:0:2::3d, None, [35625]
2001:418:1::39, None, [3130]
2a03:a860:16:1::4, None, [34587]
2402:7800:110:1::4b, None, [4826]
2001:418:0:2000::1fa, None, [2914]
144.208.211.110, None, [47147]
5.254.107.85, 3223, [3223]
2620:11c:5001:ffff::a1, None, [13331]
2001:550:0:1000::9a36:2891, None, None
202.84.247.18, 4637, [4637]
213.200.115.161, None, [3257]
5.187.73.23, 43727, [0]
154.54.5.90, 174, [174]
180.87.37.10, 6453, [6453]
2001:2000:3018:b1::1, None, [1299]
62.115.165.210, None, None
149.14.146.154, 201126, [174]
154.54.31.190, 174, [174]
85.132.90.154, None, [29049]
193.138.216.185, None, [39351]
5.254.80.74, 9002, None
78.111.215.33, 12883, [12883]
62.115.113.18, 1299, [1299]
96.110.32.105, None, [7922]
4.69.141.66, 3356, [3356]
2001:470:0:244::1, None, [6939]
80.231.153.49, 6453, [6453]
2a01:4f8:0:3::1b2, None, [24940]
87.251.32.22, 12859, None
217.218.189.186, None, None
195.30.3.113, 5539, [5539]
64.125.27.38, 6461, [6461]
216.241.0.8, 18747, [18747]
82.112.96.178, 30781, [2914]
2001:558:3:2::2, None, [7922]
2a02:2178:3:35::2, None, [29075]
184.105.64.110, 6939, None
165.254.106.18, 2914, None
103.5.50.2, None, None
2001:a10:2:58:193:59:0:248, None, [8308]
2600:3c03::f03c:91ff:fee4:7441, None, [63949]
212.85.149.126, 57734, None
129.250.2.89, 2914, [2914]
166.49.208.178, 5400, [5400]
